[{"senderKeyId":1692249372,"senderChainKey":{"iteration":2715,"seed":"wB7gvXuOuTdr5ueN+sxf7RbTOYXtAbFufkeDH558BXY="},"senderSigningKey":{"public":"BS5qMusum+Z5wES3/dciNC+yyg7YJtxVxtxfWD8Ct/xw"},"senderMessageKeys":[]},{"senderKeyId":1692249372,"senderChainKey":{"iteration":2687,"seed":"NYFCw3DJcaZPIcygAd2OMUy7SbATk+d3vW74lzwNsWE="},"senderSigningKey":{"public":"BS5qMusum+Z5wES3/dciNC+yyg7YJtxVxtxfWD8Ct/xw"},"senderMessageKeys":[]},{"senderKeyId":1692249372,"senderChainKey":{"iteration":2688,"seed":"meN3oSUsFiXMXyzKAhXOkany8Ll9xE4/1BVvNIVv6To="},"senderSigningKey":{"public":"BS5qMusum+Z5wES3/dciNC+yyg7YJtxVxtxfWD8Ct/xw"},"senderMessageKeys":[]},{"senderKeyId":1692249372,"senderChainKey":{"iteration":2692,"seed":"xIJZZBv5u+F6fR65dPHlp1x/nLKv4NJVUC4J51ZtIrs="},"senderSigningKey":{"public":"BS5qMusum+Z5wES3/dciNC+yyg7YJtxVxtxfWD8Ct/xw"},"senderMessageKeys":[]},{"senderKeyId":1692249372,"senderChainKey":{"iteration":2697,"seed":"IxiXn/35UcTe7M4XuK0FJyOS6HmJ7Ks+EiUgT6MErjo="},"senderSigningKey":{"public":"BS5qMusum+Z5wES3/dciNC+yyg7YJtxVxtxfWD8Ct/xw"},"senderMessageKeys":[]},{"senderKeyId":1692249372,"senderChainKey":{"iteration":2698,"seed":"VF0Rd7KSjVpqzWFB9WuZo8QZzx6zxb88mX6yFy8yaKA="},"senderSigningKey":{"public":"BS5qMusum+Z5wES3/dciNC+yyg7YJtxVxtxfWD8Ct/xw"},"senderMessageKeys":[]},{"senderKeyId":1173442636,"senderChainKey":{"iteration":1,"seed":"uWqWLtF5Cm64ZdidJlGIQxhV8ux1f8HP7LjrQjLGix8="},"senderSigningKey":{"public":"BSn1tWXN0KljVa2dwTNfHTD56l2KPISTJPUypj2lZwM4"},"senderMessageKeys":[]},{"senderKeyId":1692249372,"senderChainKey":{"iteration":2700,"seed":"YVH2bndiKBY0dP2FDgkBFRWPZiMUxkleT3RZf+ITChA="},"senderSigningKey":{"public":"BS5qMusum+Z5wES3/dciNC+yyg7YJtxVxtxfWD8Ct/xw"},"senderMessageKeys":[]},{"senderKeyId":1692249372,"senderChainKey":{"iteration":2701,"seed":"IK7EKRM5cQgG6N8x9BVWitY9Gttqkqe5o0As4LINzF4="},"senderSigningKey":{"public":"BS5qMusum+Z5wES3/dciNC+yyg7YJtxVxtxfWD8Ct/xw"},"senderMessageKeys":[]},{"senderKeyId":1692249372,"senderChainKey":{"iteration":2704,"seed":"jxnnJ8kbdQWllsAS15p1TnTGFbeu4yqdSPSIXIT+7bA="},"senderSigningKey":{"public":"BS5qMusum+Z5wES3/dciNC+yyg7YJtxVxtxfWD8Ct/xw"},"senderMessageKeys":[]},{"senderKeyId":1692249372,"senderChainKey":{"iteration":2705,"seed":"W0PpAMypF9LNvFYXZTi/2MhJpRtAAqPXwEwbcwAI7Ks="},"senderSigningKey":{"public":"BS5qMusum+Z5wES3/dciNC+yyg7YJtxVxtxfWD8Ct/xw"},"senderMessageKeys":[]},{"senderKeyId":1692249372,"senderChainKey":{"iteration":2706,"seed":"R65efeyDImZVmahbymEql/4SxrCPoPvAYSwXK0Vlg/k="},"senderSigningKey":{"public":"BS5qMusum+Z5wES3/dciNC+yyg7YJtxVxtxfWD8Ct/xw"},"senderMessageKeys":[]},{"senderKeyId":1692249372,"senderChainKey":{"iteration":2707,"seed":"DSV+MWpIJcUfEa+M1hZrmdWOnuRDN5591D/CUudOSME="},"senderSigningKey":{"public":"BS5qMusum+Z5wES3/dciNC+yyg7YJtxVxtxfWD8Ct/xw"},"senderMessageKeys":[]},{"senderKeyId":1692249372,"senderChainKey":{"iteration":2708,"seed":"ZWopWwjabuzQ2YYW/GnQI+FlSKIlHwTcOFprizOlLPM="},"senderSigningKey":{"public":"BS5qMusum+Z5wES3/dciNC+yyg7YJtxVxtxfWD8Ct/xw"},"senderMessageKeys":[]},{"senderKeyId":1692249372,"senderChainKey":{"iteration":2709,"seed":"U5ukvSoY1R/x3mnAyxx6HbsV+3BN/v6SKG7PVHz/xDU="},"senderSigningKey":{"public":"BS5qMusum+Z5wES3/dciNC+yyg7YJtxVxtxfWD8Ct/xw"},"senderMessageKeys":[]},{"senderKeyId":1692249372,"senderChainKey":{"iteration":2710,"seed":"f+gwWswPkdIW0wPxMxp7HEwu+lG5I0jfGzNS5wu1SK4="},"senderSigningKey":{"public":"BS5qMusum+Z5wES3/dciNC+yyg7YJtxVxtxfWD8Ct/xw"},"senderMessageKeys":[]},{"senderKeyId":1692249372,"senderChainKey":{"iteration":2711,"seed":"57xWwbPQyWqmUeT6NV88N842MX88SU0Yiil/dD4FOHc="},"senderSigningKey":{"public":"BS5qMusum+Z5wES3/dciNC+yyg7YJtxVxtxfWD8Ct/xw"},"senderMessageKeys":[]},{"senderKeyId":1692249372,"senderChainKey":{"iteration":2712,"seed":"9EQMrtiq354/KnbYlpvJAjZYAcaBnrEFwLzzu3bfbNU="},"senderSigningKey":{"public":"BS5qMusum+Z5wES3/dciNC+yyg7YJtxVxtxfWD8Ct/xw"},"senderMessageKeys":[]}]