{"_sessions":{"BZsUyp+Sg1oHJ96m6cOklXo23vN/D0owNp4Pf0HQiOIo":{"registrationId":1975781495,"currentRatchet":{"ephemeralKeyPair":{"pubKey":"BXZ2c3ObfUq9Srh04Dy+Mj8KoCJgpol31f0hToZZaUEI","privKey":"OMjrk4F82A3syda5fIl2SaDJ+lgGwCe6Fdf5h2CwEXo="},"lastRemoteEphemeralKey":"BUv6ypVYHDr4r4G9BWzK6hkKele1nDJ3GqMATau6MWQ1","previousCounter":0,"rootKey":"1YScqEqagVzxHY4fnyZptj9CFo2g2R6nNfGSqnh76ZY="},"indexInfo":{"baseKey":"BZsUyp+Sg1oHJ96m6cOklXo23vN/D0owNp4Pf0HQiOIo","baseKeyType":1,"closed":1686139354786,"used":1686138803255,"created":1686138803255,"remoteIdentityKey":"BdhortvYc/py2aslT5FY6pEWq6nx0NNcUysE1e47AJYx"},"_chains":{"BXZ2c3ObfUq9Srh04Dy+Mj8KoCJgpol31f0hToZZaUEI":{"chainKey":{"counter":48,"key":"R6kaC41DGUQB4TZaqu0e+EKJfcc241JmND2D+HA4++w="},"chainType":1,"messageKeys":{}}},"pendingPreKey":{"signedKeyId":10,"baseKey":"BZsUyp+Sg1oHJ96m6cOklXo23vN/D0owNp4Pf0HQiOIo","preKeyId":16537119}},"BZAqNRiHYF8g65xUTZXsjhTDB0B3kg8h1/OnshhfZugX":{"registrationId":1975781495,"currentRatchet":{"ephemeralKeyPair":{"pubKey":"BaXwYxQ30VHAPEhfHsSA/DclU2SICbBH0rDMwIfXcOxz","privKey":"gKSnzhledM3uZ8b2dG8+3dr3dVtJXbNGCc10cP0eI3s="},"lastRemoteEphemeralKey":"BUv6ypVYHDr4r4G9BWzK6hkKele1nDJ3GqMATau6MWQ1","previousCounter":0,"rootKey":"XJXqZ/GV6V4aGHPF8bANzhK6YlTygD1CwkCPTwvBSrg="},"indexInfo":{"baseKey":"BZAqNRiHYF8g65xUTZXsjhTDB0B3kg8h1/OnshhfZugX","baseKeyType":1,"closed":-1,"used":1686139354774,"created":1686139354774,"remoteIdentityKey":"BdhortvYc/py2aslT5FY6pEWq6nx0NNcUysE1e47AJYx"},"_chains":{"BaXwYxQ30VHAPEhfHsSA/DclU2SICbBH0rDMwIfXcOxz":{"chainKey":{"counter":214,"key":"pOVgB1PS7Dwm6o3yrwGnx9lXjArLsnl9P1y2b42r5Gc="},"chainType":1,"messageKeys":{}}},"pendingPreKey":{"signedKeyId":10,"baseKey":"BZAqNRiHYF8g65xUTZXsjhTDB0B3kg8h1/OnshhfZugX","preKeyId":16537770}}},"version":"v1"}