{"_sessions":{"BclxCIh7z/J8vU7U5faEZwSEbjMlYT2jHb4jDjnoBN1+":{"registrationId":271761433,"currentRatchet":{"ephemeralKeyPair":{"pubKey":"BULUwh/nYo39nZloL74/9EtldnKHlvq+OL4v8jXx6MpY","privKey":"eG2lF8scX9r3V3MSrZwy9RRSGcoR5Ik4Xf2ez3nDmlU="},"lastRemoteEphemeralKey":"BdRvROEAtgtGwrKmFyw8oDhTSBX+7x5R59xRJQY/vT02","previousCounter":0,"rootKey":"YQ9HZhCUpjuPH+yVff+Q5HYMKc6iYi8jXJ5IVa9PM0k="},"indexInfo":{"baseKey":"BclxCIh7z/J8vU7U5faEZwSEbjMlYT2jHb4jDjnoBN1+","baseKeyType":1,"closed":1686141050730,"used":1686138802622,"created":1686138802622,"remoteIdentityKey":"Be79EBZW0/Raqr7jcV7GxtHenZZNdh0lSELu8j46gIhT"},"_chains":{"BULUwh/nYo39nZloL74/9EtldnKHlvq+OL4v8jXx6MpY":{"chainKey":{"counter":153,"key":"6FAZGDJK9h6gnbCabx7faoMvMwO/CHDaZHxpSJqZMl4="},"chainType":1,"messageKeys":{}}},"pendingPreKey":{"signedKeyId":30,"baseKey":"BclxCIh7z/J8vU7U5faEZwSEbjMlYT2jHb4jDjnoBN1+","preKeyId":9419319}},"BQ8bGbKaD0yXeTIE7pQzzsSrQ0296ycy/z/7wVvvsSkj":{"registrationId":271761433,"currentRatchet":{"ephemeralKeyPair":{"pubKey":"BbU2VKLDwbHR+WGCq6HbjR6koQHbM/qoIOyfdI3Ztm9d","privKey":"IDvNqNCEdtRXTHQgU+0pPovVrInKyOZcVqCXSwUVb0w="},"lastRemoteEphemeralKey":"BdRvROEAtgtGwrKmFyw8oDhTSBX+7x5R59xRJQY/vT02","previousCounter":0,"rootKey":"G91ssMfoB+C5pdjTWWFZTfJtYv+PBchYrvBc03PkAgY="},"indexInfo":{"baseKey":"BQ8bGbKaD0yXeTIE7pQzzsSrQ0296ycy/z/7wVvvsSkj","baseKeyType":1,"closed":-1,"used":1686141050710,"created":1686141050710,"remoteIdentityKey":"Be79EBZW0/Raqr7jcV7GxtHenZZNdh0lSELu8j46gIhT"},"_chains":{"BbU2VKLDwbHR+WGCq6HbjR6koQHbM/qoIOyfdI3Ztm9d":{"chainKey":{"counter":109,"key":"7oA2LHwE/ljR+ugE2qr+SaCOdgzavm9BC7rDL31A04w="},"chainType":1,"messageKeys":{}}},"pendingPreKey":{"signedKeyId":30,"baseKey":"BQ8bGbKaD0yXeTIE7pQzzsSrQ0296ycy/z/7wVvvsSkj","preKeyId":9419374}}},"version":"v1"}