{"_sessions":{"BQLnQLJsN7JOH0dFRbIPf+T+RBOxzrUfpeATuzjQod4H":{"registrationId":5657,"currentRatchet":{"ephemeralKeyPair":{"pubKey":"BYbro52Vu3R1YeTi4joHu0UJabJiLc5vm1w6Rj4bobIM","privKey":"qBmPwVXWj4qO4FzwZzHzOZagUuxQHD4SB+ZIXaOF0l4="},"lastRemoteEphemeralKey":"BdSDJCWdocTuxTZYODLd3BOwCDzlc5muoVwLFblDOXwT","previousCounter":0,"rootKey":"vuCFWVpNVVaalJR2nVKukw1O3vLzRddkBQorgbgS76w="},"indexInfo":{"baseKey":"BQLnQLJsN7JOH0dFRbIPf+T+RBOxzrUfpeATuzjQod4H","baseKeyType":1,"closed":-1,"used":1686138795816,"created":1686138795816,"remoteIdentityKey":"BXs32bk2ZBJj9liziDGmYAaT7BqImM0y43kwjom810N8"},"_chains":{"BYbro52Vu3R1YeTi4joHu0UJabJiLc5vm1w6Rj4bobIM":{"chainKey":{"counter":263,"key":"uLfnUdBgrqYgR3H2oHbLWIpfLSohK4K/QwYEhXZYAIw="},"chainType":1,"messageKeys":{}}},"pendingPreKey":{"signedKeyId":1,"baseKey":"BQLnQLJsN7JOH0dFRbIPf+T+RBOxzrUfpeATuzjQod4H"}}},"version":"v1"}