{"_sessions":{"BQxeakMY6eQJ3ObbOvQPvtOpfEHr+Da67kwrpO7vlRZU":{"registrationId":1424914600,"currentRatchet":{"ephemeralKeyPair":{"pubKey":"Bc50zlcj7Doqejq+b7TAd2cOP9Bo72fLNIFHLUdogNsW","privKey":"ON6d9LsFhBqyXmkyjm/K3Q2L0XhF5auGhoohGZ3SR3c="},"lastRemoteEphemeralKey":"BThjLtz+gdeLjJrQyp87leYPqoQsrbGEf+K/MgOFbo5e","previousCounter":0,"rootKey":"DLAv18Wd1G0R3GfzC9B/u2hPpQRz1w1HR+llW6+YcfM="},"indexInfo":{"baseKey":"BQxeakMY6eQJ3ObbOvQPvtOpfEHr+Da67kwrpO7vlRZU","baseKeyType":1,"closed":-1,"used":1686138797074,"created":1686138797074,"remoteIdentityKey":"BWJvhSZmI7FeHyQ5PgfR/d4KF8DOoa2jCa6/EVWts94r"},"_chains":{"Bc50zlcj7Doqejq+b7TAd2cOP9Bo72fLNIFHLUdogNsW":{"chainKey":{"counter":263,"key":"tU9S0x2YNSTqQthGCqhYYskuqe+y9GIxWk3Q4LOWL1s="},"chainType":1,"messageKeys":{}}},"pendingPreKey":{"signedKeyId":0,"baseKey":"BQxeakMY6eQJ3ObbOvQPvtOpfEHr+Da67kwrpO7vlRZU"}}},"version":"v1"}