{"_sessions":{"BYQqyo6OOXkXpc66E46ZaWI2g9UuSqeGYA9ZI9QpzmAM":{"registrationId":1375542458,"currentRatchet":{"ephemeralKeyPair":{"pubKey":"BVGNGliE4pD8zTkzhYNLaQ1lHDAepFJ1g7J61Tc21fB8","privKey":"MNjWZYO+UG8JNZUoIHVZTeHZ+uF1qhUAzt/JuRpejEs="},"lastRemoteEphemeralKey":"BQZnPyDc8wu/TJ3lcgcoHFov/Npcf35QmntbDwfR7Bw3","previousCounter":0,"rootKey":"oTe1HoKGGOAq9tt9M/NHAjB2Z9hP/U6dWGP1K6h+NkQ="},"indexInfo":{"baseKey":"BYQqyo6OOXkXpc66E46ZaWI2g9UuSqeGYA9ZI9QpzmAM","baseKeyType":1,"closed":1686139190349,"used":1686138798695,"created":1686138798695,"remoteIdentityKey":"BdA0JjTKi7uJWK05M8bWrIxigKyQmNM4dne04eEVpjZb"},"_chains":{"BVGNGliE4pD8zTkzhYNLaQ1lHDAepFJ1g7J61Tc21fB8":{"chainKey":{"counter":13,"key":"JEbL0East4Z7sjCb+l0Fk//aSnZ+b4GS16TpQM03irM="},"chainType":1,"messageKeys":{}}},"pendingPreKey":{"signedKeyId":16,"baseKey":"BYQqyo6OOXkXpc66E46ZaWI2g9UuSqeGYA9ZI9QpzmAM","preKeyId":7905329}},"BRszd2mBpQh8kAusZLoIx1rULuci+m78TSOGOqxF8Qw4":{"registrationId":1375542458,"currentRatchet":{"ephemeralKeyPair":{"pubKey":"BVwq3YSVgNLxP3wPcFDPzyZ/Q1ByqybLW3w5IvHvX2JD","privKey":"+CWCuBK2NpS6APejMRQHewVginAGs7Xxdtegl2aRK3M="},"lastRemoteEphemeralKey":"BTYqLDpOG3kR5Sf2g7f4dBHh0y+2KT0/476hoNR+w1lj","previousCounter":98,"rootKey":"tGIzRxhg6nXkY6kEI78krCV2gz3IXOs9axNQIhFcaPc="},"indexInfo":{"baseKey":"BRszd2mBpQh8kAusZLoIx1rULuci+m78TSOGOqxF8Qw4","baseKeyType":1,"closed":-1,"used":1686140162399,"created":1686139190266,"remoteIdentityKey":"BdA0JjTKi7uJWK05M8bWrIxigKyQmNM4dne04eEVpjZb"},"_chains":{"BTYqLDpOG3kR5Sf2g7f4dBHh0y+2KT0/476hoNR+w1lj":{"chainKey":{"counter":0,"key":"Bm7Zyer8GWmZaQZVhmpZpkWzYUtsELndsjuNG3KmIyI="},"chainType":2,"messageKeys":{}},"BVwq3YSVgNLxP3wPcFDPzyZ/Q1ByqybLW3w5IvHvX2JD":{"chainKey":{"counter":150,"key":"p7OiRdA0YGUu6eca9nmQPN2WfP/3zF3qzuUfOKhiW+g="},"chainType":1,"messageKeys":{}}}}},"version":"v1"}