{"_sessions":{"BchlnQpr2c8k8TfH0soAhmTZoly4gjVjhvTy7E4JCOM6":{"registrationId":661082037,"currentRatchet":{"ephemeralKeyPair":{"pubKey":"BdsGiHvtK4ehLIiqo/Caw1J2q8tLtQssFNCP7Tnj9/4J","privKey":"ABfbgJ1V3VffuG0DtFmUZo+8LtgcYZT8wneAnXkdxHo="},"lastRemoteEphemeralKey":"BdeOwHV3V3aauSC9YojK1+VK3aRL16YPd+mOTDcS+Fh0","previousCounter":0,"rootKey":"ZRGqLTaVbj+21c8OHdlB4bA4KTCIQ2VSzC0laDCJ1p8="},"indexInfo":{"baseKey":"BchlnQpr2c8k8TfH0soAhmTZoly4gjVjhvTy7E4JCOM6","baseKeyType":1,"closed":1686139297644,"used":1686138799960,"created":1686138799960,"remoteIdentityKey":"BYrn6PpQsbKcGuvXgQTimOe3XaSvz2Z4A8780ven/pkY"},"_chains":{"BdsGiHvtK4ehLIiqo/Caw1J2q8tLtQssFNCP7Tnj9/4J":{"chainKey":{"counter":32,"key":"Y7jqJbyIEEpqb/LgLAmC/KDpROj56XCz0rKPm54+KB4="},"chainType":1,"messageKeys":{}}},"pendingPreKey":{"signedKeyId":51,"baseKey":"BchlnQpr2c8k8TfH0soAhmTZoly4gjVjhvTy7E4JCOM6","preKeyId":1776849}},"Bak2mdexGyKAUmFi56uHpkfgYkDr9FtgswmJymE4qI1l":{"registrationId":661082037,"currentRatchet":{"ephemeralKeyPair":{"pubKey":"BaTvTs3KYJS/N0GRyAVkfsNGj7CSwvpi776ZN/ZrZypu","privKey":"AGLHM3CLfxV+GQa15lmsAQEQ+Q70xwgzBeaaFyy7SVk="},"lastRemoteEphemeralKey":"BdeOwHV3V3aauSC9YojK1+VK3aRL16YPd+mOTDcS+Fh0","previousCounter":0,"rootKey":"MILr/f/WXBOzER7XPghYJiiV6tOWGyFzNVj0nfeeZ1w="},"indexInfo":{"baseKey":"Bak2mdexGyKAUmFi56uHpkfgYkDr9FtgswmJymE4qI1l","baseKeyType":1,"closed":-1,"used":1686139297591,"created":1686139297591,"remoteIdentityKey":"BYrn6PpQsbKcGuvXgQTimOe3XaSvz2Z4A8780ven/pkY"},"_chains":{"BaTvTs3KYJS/N0GRyAVkfsNGj7CSwvpi776ZN/ZrZypu":{"chainKey":{"counter":230,"key":"jtW7QCVQqixMWvcH7+xV7nX4U4xhHYAPHLqwe+y65qs="},"chainType":1,"messageKeys":{}}},"pendingPreKey":{"signedKeyId":51,"baseKey":"Bak2mdexGyKAUmFi56uHpkfgYkDr9FtgswmJymE4qI1l","preKeyId":1776851}}},"version":"v1"}