{"_sessions":{"BREFabkN8QOepS5GUnuhHHaNXF8Sguk6otdZHEsHNcJ4":{"registrationId":522729657,"currentRatchet":{"ephemeralKeyPair":{"pubKey":"Bd1dON7aMXx+6TYOVx3/6h+buER42oQqGURUkb5E2whE","privKey":"wNHQU4dLzkogz17XAT415WWZ6eFGdcKCcltp4qWfjV8="},"lastRemoteEphemeralKey":"BftyqXYtQbGbt+Sp14Huhbz5xzivhG7vpjOzkBXOCNtu","previousCounter":0,"rootKey":"a6Jl+bkGDYY1oernhah+YIttYGMsdb06r0RRpGuQwx8="},"indexInfo":{"baseKey":"BREFabkN8QOepS5GUnuhHHaNXF8Sguk6otdZHEsHNcJ4","baseKeyType":1,"closed":-1,"used":1686138799494,"created":1686138799494,"remoteIdentityKey":"BbVMrf2m3zvsh9KLdONxQz0/kdyu4gNvAldM4SiFG+Qn"},"_chains":{"Bd1dON7aMXx+6TYOVx3/6h+buER42oQqGURUkb5E2whE":{"chainKey":{"counter":263,"key":"DJ0eSWVgRnYQoZTxFBSOHpEK8SmBjM6vorhqKNGQjUk="},"chainType":1,"messageKeys":{}}},"pendingPreKey":{"signedKeyId":0,"baseKey":"BREFabkN8QOepS5GUnuhHHaNXF8Sguk6otdZHEsHNcJ4"}}},"version":"v1"}