{"_sessions":{"BSoWKjUj4tws2FDjRMFvLl0mHtLwsw/v/OWenOZkwGI7":{"registrationId":823120750,"currentRatchet":{"ephemeralKeyPair":{"pubKey":"BcEmkeVMyi45ZFD4HeDn1UIPgmM/IHNFs5gmD1+XXdI9","privKey":"+LP5cQPmq5IutMLVEzmmbAKVFkGyDIlf+B9mJAt+q18="},"lastRemoteEphemeralKey":"BTcnLZIgIr3pUZlRLGo0fk09UuMTWF8td5hmWXmyeBc9","previousCounter":0,"rootKey":"SOsKcnrcs51yOBy+1NFCJeT83xCT9/dklyy8bFt4SV4="},"indexInfo":{"baseKey":"BSoWKjUj4tws2FDjRMFvLl0mHtLwsw/v/OWenOZkwGI7","baseKeyType":1,"closed":1686139293432,"used":1686138803574,"created":1686138803574,"remoteIdentityKey":"BZqfLFGG4jvye0d4ubGIby1X0/YupQC0UozmYKHMYDJg"},"_chains":{"BcEmkeVMyi45ZFD4HeDn1UIPgmM/IHNFs5gmD1+XXdI9":{"chainKey":{"counter":31,"key":"vmQPndo6JQazhAAVo8japqbdVg7uQPgS0rqelwhb4eg="},"chainType":1,"messageKeys":{}}},"pendingPreKey":{"signedKeyId":1,"baseKey":"BSoWKjUj4tws2FDjRMFvLl0mHtLwsw/v/OWenOZkwGI7","preKeyId":1102846}},"Bf8vrH7md9nG32TmERsUN6t/SGeaBymjv5LvFTlsFhFP":{"registrationId":823120750,"currentRatchet":{"ephemeralKeyPair":{"pubKey":"BWqm4F0M/Y9QJBDwGDwnyEcCQnWNruPgmE54RTwRcqVc","privKey":"GOzDMt/uKPFnvitbBkiqV6ZnLFyew2RgW5YPesDze1E="},"lastRemoteEphemeralKey":"BTcnLZIgIr3pUZlRLGo0fk09UuMTWF8td5hmWXmyeBc9","previousCounter":0,"rootKey":"JzWdRgLBxBvomjQdOeBCvRsFlKyKo85pgS8JyFUWwl8="},"indexInfo":{"baseKey":"Bf8vrH7md9nG32TmERsUN6t/SGeaBymjv5LvFTlsFhFP","baseKeyType":1,"closed":-1,"used":1686139293409,"created":1686139293409,"remoteIdentityKey":"BZqfLFGG4jvye0d4ubGIby1X0/YupQC0UozmYKHMYDJg"},"_chains":{"BWqm4F0M/Y9QJBDwGDwnyEcCQnWNruPgmE54RTwRcqVc":{"chainKey":{"counter":231,"key":"ZRovL7J1FVf85VCFrgZ2WM0vWU/ki8RGhNwmcdWZXyI="},"chainType":1,"messageKeys":{}}},"pendingPreKey":{"signedKeyId":1,"baseKey":"Bf8vrH7md9nG32TmERsUN6t/SGeaBymjv5LvFTlsFhFP","preKeyId":1102142}}},"version":"v1"}