{"_sessions":{"BdJBnzHUgQJ5+LQHJP8PwU3iMkuzH8i50jN6th9RC7dQ":{"registrationId":251928060,"currentRatchet":{"ephemeralKeyPair":{"pubKey":"BYs3tyLQH1BMnj0esXC9AtnE0wTG7cjL8pdJweIU4lVZ","privKey":"MBOsDUJc9u79yrRzSSQia2XKSxK7loLMPtHTNTHDZEI="},"lastRemoteEphemeralKey":"Bf+RnF6xgVRfvQP4pvcaId4YZCWlJSrHwNMwH0i0CCI5","previousCounter":0,"rootKey":"ZWtA0yhqb3uwNjp56nMuCRQmen+LqOuQOpDjNEjWSyY="},"indexInfo":{"baseKey":"BdJBnzHUgQJ5+LQHJP8PwU3iMkuzH8i50jN6th9RC7dQ","baseKeyType":1,"closed":1686139360018,"used":1686138803588,"created":1686138803588,"remoteIdentityKey":"BYUxAmJDtHU18x3skSAKNuG5eefxNpTh6+S/BNSa1npz"},"_chains":{"BYs3tyLQH1BMnj0esXC9AtnE0wTG7cjL8pdJweIU4lVZ":{"chainKey":{"counter":50,"key":"PoqkEFCqYTEDzUU4FC3ajj/Nrk3yow94Mc2k3RopXTc="},"chainType":1,"messageKeys":{}}},"pendingPreKey":{"signedKeyId":10,"baseKey":"BdJBnzHUgQJ5+LQHJP8PwU3iMkuzH8i50jN6th9RC7dQ","preKeyId":6678400}},"BeUPC+a7fGJDGWvsHKBMJ9IDaVdZwHu82mSEVfD13dE4":{"registrationId":251928060,"currentRatchet":{"ephemeralKeyPair":{"pubKey":"BY6+yx8lUnzNTxOfSVHCeYOXBuS8CSdd91S/t4eTF84h","privKey":"uOoaGxZ1WqDsgbWO41kHbpTZqpHxY4xs46oMNEzexWw="},"lastRemoteEphemeralKey":"Bf+RnF6xgVRfvQP4pvcaId4YZCWlJSrHwNMwH0i0CCI5","previousCounter":0,"rootKey":"s1QWEF8HqUXoUjEKMg7/jl1r+PvtvsDEO4use992cXk="},"indexInfo":{"baseKey":"BeUPC+a7fGJDGWvsHKBMJ9IDaVdZwHu82mSEVfD13dE4","baseKeyType":1,"closed":-1,"used":1686139359996,"created":1686139359996,"remoteIdentityKey":"BYUxAmJDtHU18x3skSAKNuG5eefxNpTh6+S/BNSa1npz"},"_chains":{"BY6+yx8lUnzNTxOfSVHCeYOXBuS8CSdd91S/t4eTF84h":{"chainKey":{"counter":212,"key":"93p2Xv7egT3u0ZALQbP8Bo7sS6daPRwGcPAeG/Mi2xY="},"chainType":1,"messageKeys":{}}},"pendingPreKey":{"signedKeyId":10,"baseKey":"BeUPC+a7fGJDGWvsHKBMJ9IDaVdZwHu82mSEVfD13dE4","preKeyId":6678647}}},"version":"v1"}