{"_sessions":{"BWLGD/51HPzJo6PJ9M1P6oDrLWYWYKtR5j7KPpte1jxU":{"registrationId":1464926423,"currentRatchet":{"ephemeralKeyPair":{"pubKey":"BZ62DyVOL9IFI8hw39u1vPFPw6E9786cmAZfW4GnYXZa","privKey":"ILdGAExRvJ2MasKR/bfQXW+2YAMVYWDJS3zGkMlEaE8="},"lastRemoteEphemeralKey":"BUq/yr7uNJBMy0P8XMI6aVjAZiWTRxfp8HVwnmZ1v9IV","previousCounter":0,"rootKey":"mEo2EtYcpDV0YR94kSNpCu/D98bdVGn4qMoo0p7wOT4="},"indexInfo":{"baseKey":"BWLGD/51HPzJo6PJ9M1P6oDrLWYWYKtR5j7KPpte1jxU","baseKeyType":1,"closed":-1,"used":1686138802675,"created":1686138802675,"remoteIdentityKey":"BfNOmV1839XYN7QuCnlEts5Cj4k+kZMH55O0bZxZk6oS"},"_chains":{"BZ62DyVOL9IFI8hw39u1vPFPw6E9786cmAZfW4GnYXZa":{"chainKey":{"counter":263,"key":"2067m7boA2Ra7e000HB/s+5WgtvxvDcYkUYFitkZSlk="},"chainType":1,"messageKeys":{}}},"pendingPreKey":{"signedKeyId":1,"baseKey":"BWLGD/51HPzJo6PJ9M1P6oDrLWYWYKtR5j7KPpte1jxU"}}},"version":"v1"}