{"_sessions":{"BfJvg0Fir3HOfzd6XxBV4zakX5Xf+OGs/PgHTa4+1ttu":{"registrationId":874464173,"currentRatchet":{"ephemeralKeyPair":{"pubKey":"BfXy7pedw34E7HENuyvLgbnczQr9r6+ndEqbpbCPMVJ4","privKey":"IK5UaCAQ0XNKOcL8bDZu//T+RxyhOZkMs0b+cGfjhnw="},"lastRemoteEphemeralKey":"BbYvN6P2HXpW5b1gR3SWqj/xy9YNAVf3l8iBwhmQdtES","previousCounter":0,"rootKey":"dKGMCC8BoAJBupWBKC4MtG7+zf5buwVt+FtIDY7AqX4="},"indexInfo":{"baseKey":"BfJvg0Fir3HOfzd6XxBV4zakX5Xf+OGs/PgHTa4+1ttu","baseKeyType":1,"closed":1686140597736,"used":1686138799290,"created":1686138799290,"remoteIdentityKey":"BRkRPNTh5vzUD9AaWVXX+4IAtq4C3TCUBdm91cJ/g1xy"},"_chains":{"BfXy7pedw34E7HENuyvLgbnczQr9r6+ndEqbpbCPMVJ4":{"chainKey":{"counter":142,"key":"r+v/4KsMKzk3YgNUXzsxrnjH2Su79Vv9t7afcndaa80="},"chainType":1,"messageKeys":{}}},"pendingPreKey":{"signedKeyId":1,"baseKey":"BfJvg0Fir3HOfzd6XxBV4zakX5Xf+OGs/PgHTa4+1ttu","preKeyId":2135849}},"BSCcsTDrt0ZjJNR0BnosSzAtx4yAjyyf7Ougs4lixZhc":{"registrationId":874464173,"currentRatchet":{"ephemeralKeyPair":{"pubKey":"BUWwybGdZT2FZOufJ9uaae7V86Haxqi6hMsSK/7cfwwX","privKey":"yOTRnixq42AF35qEBITC591aYqKziLkD1mYC6Y90sXQ="},"lastRemoteEphemeralKey":"BbYvN6P2HXpW5b1gR3SWqj/xy9YNAVf3l8iBwhmQdtES","previousCounter":0,"rootKey":"2DvBZUg71Zp27ed91Bfbt2oL9UO3hkUGTpigYFhVRgs="},"indexInfo":{"baseKey":"BSCcsTDrt0ZjJNR0BnosSzAtx4yAjyyf7Ougs4lixZhc","baseKeyType":1,"closed":-1,"used":1686140597647,"created":1686140597647,"remoteIdentityKey":"BRkRPNTh5vzUD9AaWVXX+4IAtq4C3TCUBdm91cJ/g1xy"},"_chains":{"BUWwybGdZT2FZOufJ9uaae7V86Haxqi6hMsSK/7cfwwX":{"chainKey":{"counter":120,"key":"ZZctQTmoOSlgOJEFkiBi6lQtH8wO6myjchoj4lxIkak="},"chainType":1,"messageKeys":{}}},"pendingPreKey":{"signedKeyId":1,"baseKey":"BSCcsTDrt0ZjJNR0BnosSzAtx4yAjyyf7Ougs4lixZhc","preKeyId":2135201}}},"version":"v1"}