{"_sessions":{"BQtvRnJmLu0vH0yNFNy/y+vVssTaoTsybbiZfoHUvO9c":{"registrationId":1208339831,"currentRatchet":{"ephemeralKeyPair":{"pubKey":"BTO/m4V7fNfYuCW0qd/fqjAJgvbJ5i1txZXZF4JpLh9l","privKey":"uCsq370gdAPCPduDcx2Gl+z5e8AsAG8VFcGqta1EOW4="},"lastRemoteEphemeralKey":"BWv+NL9DhPB/FJUarFDRklsVyxrAyKxq0Skfm37DP4ow","previousCounter":0,"rootKey":"x560+qfEZMKn6pleFTTDXb1LQ+k6eCqpCY0KN5StWG8="},"indexInfo":{"baseKey":"BQtvRnJmLu0vH0yNFNy/y+vVssTaoTsybbiZfoHUvO9c","baseKeyType":1,"closed":-1,"used":1686138801310,"created":1686138801310,"remoteIdentityKey":"Baa+88adwZ2pqZVMcydU+1A9iWjDJNhMr4RK62VAS+4W"},"_chains":{"BTO/m4V7fNfYuCW0qd/fqjAJgvbJ5i1txZXZF4JpLh9l":{"chainKey":{"counter":263,"key":"JRIIRX+/bJyuipSdsLNKRxhQY9fT1WlEjUSf+/pXqWE="},"chainType":1,"messageKeys":{}}},"pendingPreKey":{"signedKeyId":1,"baseKey":"BQtvRnJmLu0vH0yNFNy/y+vVssTaoTsybbiZfoHUvO9c","preKeyId":8016334}}},"version":"v1"}