{"_sessions":{"BVHoz6/AyuRXYSwTJG7lHgUrdoEwpdAjyqEWuNZ9Id8G":{"registrationId":1471740252,"currentRatchet":{"ephemeralKeyPair":{"pubKey":"BZyPwSKJ3XbU6ohkvJ+ArvDyzBJQ43kUZ2G0VuNrUadp","privKey":"MAz/6Pyo1rWTVgeOYzS1nbubgbPLW9xDCauZsupW8Hw="},"lastRemoteEphemeralKey":"BSXtJlT7uHpFszjr8VG+bo67F+N1kApH38zckGzTeJ0t","previousCounter":0,"rootKey":"gmbKGc7UTr4ByLHV2YoLL2VLKHpKaWZc98u4HN6y5Tg="},"indexInfo":{"baseKey":"BVHoz6/AyuRXYSwTJG7lHgUrdoEwpdAjyqEWuNZ9Id8G","baseKeyType":1,"closed":-1,"used":1686138798601,"created":1686138798601,"remoteIdentityKey":"BWgg0bCcBBFQMD8wUuqQaV1REbR6duFmktRb37tFtZQx"},"_chains":{"BZyPwSKJ3XbU6ohkvJ+ArvDyzBJQ43kUZ2G0VuNrUadp":{"chainKey":{"counter":263,"key":"U9+QQMQWG4nHKoXvcw4xZrhW7BZlxwjgWg2xsSNQJjA="},"chainType":1,"messageKeys":{}}},"pendingPreKey":{"signedKeyId":0,"baseKey":"BVHoz6/AyuRXYSwTJG7lHgUrdoEwpdAjyqEWuNZ9Id8G","preKeyId":5208865}}},"version":"v1"}