{"_sessions":{"BYwIabl+xKafbYK1R1e8tIB1h89N96tL6MOA04UrWPkG":{"registrationId":246,"currentRatchet":{"ephemeralKeyPair":{"pubKey":"BUi3gtt+kqOnfpZ4N+OOItJ7ZrDgNlz3nT2WFxLQ0tk6","privKey":"oGh+sM2HCf1QiGg2SQWJvC/TDuS6ASszK4reSkiihUM="},"lastRemoteEphemeralKey":"BSrpfwDBKgxy8o061dxfaHEmwzRb3j6A6v+8vlH0+YAk","previousCounter":0,"rootKey":"setQxBq/AX5OrIjS/vekYnc0F2Sybge3LMArxkMU58k="},"indexInfo":{"baseKey":"BYwIabl+xKafbYK1R1e8tIB1h89N96tL6MOA04UrWPkG","baseKeyType":1,"closed":-1,"used":1686138796706,"created":1686138796706,"remoteIdentityKey":"BZSViOQ4FJQfBvNrb0WU1en1efxCHx6TZC89tTxFielq"},"_chains":{"BUi3gtt+kqOnfpZ4N+OOItJ7ZrDgNlz3nT2WFxLQ0tk6":{"chainKey":{"counter":263,"key":"PflSLncUnVcRJECPsyX+QAOFhPSmpxn3ByfPuTfGZzA="},"chainType":1,"messageKeys":{}}},"pendingPreKey":{"signedKeyId":1,"baseKey":"BYwIabl+xKafbYK1R1e8tIB1h89N96tL6MOA04UrWPkG"}}},"version":"v1"}