{"_sessions":{"Baw2X+TnIy4Fd6SR1A23iijPWFvdRBG4d256hFKLS7I4":{"registrationId":1361841230,"currentRatchet":{"ephemeralKeyPair":{"pubKey":"BV6Z7V6SDLHcDXrcJ7l94jnt25RE0MRTFiswdvJxBAFj","privKey":"gF+dB9BbzJSRHXM2NN9EyTEb/sIuQyAysxV5d8rG8H8="},"lastRemoteEphemeralKey":"BfpEqzmj+/CnDs4pgwBdEA9qe0F9F6WQd/CLmvX/rN1j","previousCounter":0,"rootKey":"Rs+54Tly+4ol8VFm09LE/JqKguLTw0Q+i6+ZtLeR0L0="},"indexInfo":{"baseKey":"Baw2X+TnIy4Fd6SR1A23iijPWFvdRBG4d256hFKLS7I4","baseKeyType":1,"closed":1686139543039,"used":1686138799078,"created":1686138799078,"remoteIdentityKey":"BehlSbO58rdJd3M4k/YWaui9PUIFTAIT04Q/eV6/vIZk"},"_chains":{"BV6Z7V6SDLHcDXrcJ7l94jnt25RE0MRTFiswdvJxBAFj":{"chainKey":{"counter":72,"key":"mz+OSnTI1Xa0NEjgjNRs1q/IVCLUbLw4spod8HPGpdA="},"chainType":1,"messageKeys":{}}},"pendingPreKey":{"signedKeyId":0,"baseKey":"Baw2X+TnIy4Fd6SR1A23iijPWFvdRBG4d256hFKLS7I4","preKeyId":10254547}},"Be9QYXot4hgtvNUU6ahSyvVEtiP8XU6u47stAClENcpf":{"registrationId":1361841230,"currentRatchet":{"ephemeralKeyPair":{"pubKey":"BRDAGoaGk1J2OcJksYriFsV6eSBPL2fcrWZS/3IJxexB","privKey":"yNBBhlgPXYCwjzXhs3gY5MdHLBj+gnM6CsERDIMT8WU="},"lastRemoteEphemeralKey":"BfpEqzmj+/CnDs4pgwBdEA9qe0F9F6WQd/CLmvX/rN1j","previousCounter":0,"rootKey":"A7ZuOowlLbqKqpzGmBaRgao3pDWofefGf2p2XobU0zo="},"indexInfo":{"baseKey":"Be9QYXot4hgtvNUU6ahSyvVEtiP8XU6u47stAClENcpf","baseKeyType":1,"closed":-1,"used":1686139542977,"created":1686139542977,"remoteIdentityKey":"BehlSbO58rdJd3M4k/YWaui9PUIFTAIT04Q/eV6/vIZk"},"_chains":{"BRDAGoaGk1J2OcJksYriFsV6eSBPL2fcrWZS/3IJxexB":{"chainKey":{"counter":190,"key":"roZ4LVrwbbDOENUubBijsI7rVDnkwy4iYSigmhSY2bU="},"chainType":1,"messageKeys":{}}},"pendingPreKey":{"signedKeyId":0,"baseKey":"Be9QYXot4hgtvNUU6ahSyvVEtiP8XU6u47stAClENcpf","preKeyId":10255117}}},"version":"v1"}