{"_sessions":{"BRgNuZUbRQcKN63uZD1pgw40C0fICsmlDOSayLmZEAtl":{"registrationId":748621227,"currentRatchet":{"ephemeralKeyPair":{"pubKey":"BW+FGejn+XYCs13+018KcySl8EZ7ArW6gbG4BcMGR9Nc","privKey":"2C1cFFa52RrXWP31kH136dICW0y9oAnoNRY0uEVNjkA="},"lastRemoteEphemeralKey":"BZuhOI+WrJhsfh8ZEvL8i5lDTWnlXo8HN/sxYfcTC49e","previousCounter":0,"rootKey":"m1A7uz5FK6z6pyb5z8LLehvWEBDo7/FPXZ5pOm+S6HY="},"indexInfo":{"baseKey":"BRgNuZUbRQcKN63uZD1pgw40C0fICsmlDOSayLmZEAtl","baseKeyType":1,"closed":-1,"used":1686138800150,"created":1686138800150,"remoteIdentityKey":"BVvsWGswpOJCuqnHMvOSj1Qlj01uTytULLyKDnRJRb8S"},"_chains":{"BW+FGejn+XYCs13+018KcySl8EZ7ArW6gbG4BcMGR9Nc":{"chainKey":{"counter":263,"key":"T67m34UFvxmOboPltDY1GkJoGqz40YRhEZ1dc78ur9o="},"chainType":1,"messageKeys":{}}},"pendingPreKey":{"signedKeyId":2,"baseKey":"BRgNuZUbRQcKN63uZD1pgw40C0fICsmlDOSayLmZEAtl","preKeyId":7720722}}},"version":"v1"}