{"_sessions":{"BdNGHuwc1cpdwfKrCjZS0OoSc3d7MzjkQ2ewxIMiOJ9q":{"registrationId":1550357242,"currentRatchet":{"ephemeralKeyPair":{"pubKey":"BW/Q8SPBM86uszW0oKDuHxmqP0uWAj8lu13bVHfOhSgP","privKey":"CMZI79bkRfwYigcZaDAJ9x6W/JKCJsncrEXLa9KJSGY="},"lastRemoteEphemeralKey":"BS4nDjfj6lTYOdf8gk8vtZgscECRhIg7mZuWUfY7W+pH","previousCounter":0,"rootKey":"kitnnh0oNtbCvYqX/yzV+p2erBKqZAJpulNVlJs5Sdc="},"indexInfo":{"baseKey":"BdNGHuwc1cpdwfKrCjZS0OoSc3d7MzjkQ2ewxIMiOJ9q","baseKeyType":1,"closed":1686139218728,"used":1686138798785,"created":1686138798785,"remoteIdentityKey":"BX25HX+My/ziWLsGhTBBunzMxzxL0uNPGMMwOjOJIbED"},"_chains":{"BW/Q8SPBM86uszW0oKDuHxmqP0uWAj8lu13bVHfOhSgP":{"chainKey":{"counter":18,"key":"Gqw/s5d4Tcx7fV+YLvphUEMt8ZjfvUotwT9GZMH30I0="},"chainType":1,"messageKeys":{}}},"pendingPreKey":{"signedKeyId":0,"baseKey":"BdNGHuwc1cpdwfKrCjZS0OoSc3d7MzjkQ2ewxIMiOJ9q","preKeyId":6304117}},"BQYWkKeXxtrOLbJ2XssSAFRUCnAjX3D8R3mJHiTwrO8p":{"registrationId":1550357242,"currentRatchet":{"ephemeralKeyPair":{"pubKey":"BR7wDB5beMSkcjvOyjs7ZhiGlyJKljy3IMg1y+Sey79j","privKey":"mHo7xjjdcSbUQhZYY4lhm1ryO9VltF9cio2kZMyq33w="},"lastRemoteEphemeralKey":"BS4nDjfj6lTYOdf8gk8vtZgscECRhIg7mZuWUfY7W+pH","previousCounter":0,"rootKey":"Zry5a7ByWLA0MdVBufayvgh2f1Mnqg4/ciYslTMw1LM="},"indexInfo":{"baseKey":"BQYWkKeXxtrOLbJ2XssSAFRUCnAjX3D8R3mJHiTwrO8p","baseKeyType":1,"closed":-1,"used":1686139218703,"created":1686139218703,"remoteIdentityKey":"BX25HX+My/ziWLsGhTBBunzMxzxL0uNPGMMwOjOJIbED"},"_chains":{"BR7wDB5beMSkcjvOyjs7ZhiGlyJKljy3IMg1y+Sey79j":{"chainKey":{"counter":244,"key":"IB1NIQxtbDJxc3NZFv4FzPauLwhJY2d4a3W61+CKeUw="},"chainType":1,"messageKeys":{}}},"pendingPreKey":{"signedKeyId":0,"baseKey":"BQYWkKeXxtrOLbJ2XssSAFRUCnAjX3D8R3mJHiTwrO8p","preKeyId":6304078}}},"version":"v1"}