{"_sessions":{"BUkrjABfEqu0v666ntR47jmIVqX6QumJVrTe4CQbJSAK":{"registrationId":885891805,"currentRatchet":{"ephemeralKeyPair":{"pubKey":"BX/cxHlqw4jFKIPUFGlFetLYvgnL6c+YqQLHnuYRQS0p","privKey":"0K/n33QyPeiy/pRQYO6qdE8Uhg/2RQOhsY1T+0xAL0M="},"lastRemoteEphemeralKey":"BWX29NNzNNRw0G+G/GZ0OY/VMuzgHxBaoCYchOWmAEwI","previousCounter":0,"rootKey":"bF5mCla7Q/qrNx1hG6u+cZkGh5JXMGrx6hmKPItdIXM="},"indexInfo":{"baseKey":"BUkrjABfEqu0v666ntR47jmIVqX6QumJVrTe4CQbJSAK","baseKeyType":1,"closed":1686139097237,"used":1686138798529,"created":1686138798529,"remoteIdentityKey":"BQoFceklJDOObeEeZD8zXHf4Ig0EtmFBJYrzCC5Lc4ws"},"_chains":{"BX/cxHlqw4jFKIPUFGlFetLYvgnL6c+YqQLHnuYRQS0p":{"chainKey":{"counter":4,"key":"pz7cJfP0BNRimJ4EjxQUqdCe3Zqs84IXB+iKD7bLDxY="},"chainType":1,"messageKeys":{}}},"pendingPreKey":{"signedKeyId":9,"baseKey":"BUkrjABfEqu0v666ntR47jmIVqX6QumJVrTe4CQbJSAK","preKeyId":4016522}},"BbdQI+WqAMD8hW5aRiRZHq5EveeyXPmjvQdEf2/HIhoT":{"registrationId":885891805,"currentRatchet":{"ephemeralKeyPair":{"pubKey":"BSAd+9t9wvv79MevOIAQBV3a0av7OssDJJyXXytaJ6dT","privKey":"IIT+B9EPBW/ar7w39sv8nlfer+k3DPCGqca8eXUdGm4="},"lastRemoteEphemeralKey":"BWX29NNzNNRw0G+G/GZ0OY/VMuzgHxBaoCYchOWmAEwI","previousCounter":0,"rootKey":"E7esjIiqLrFI6Ur23ae9D0slLh6Dty050sRyHXfQ+pg="},"indexInfo":{"baseKey":"BbdQI+WqAMD8hW5aRiRZHq5EveeyXPmjvQdEf2/HIhoT","baseKeyType":1,"closed":-1,"used":1686139097210,"created":1686139097210,"remoteIdentityKey":"BQoFceklJDOObeEeZD8zXHf4Ig0EtmFBJYrzCC5Lc4ws"},"_chains":{"BSAd+9t9wvv79MevOIAQBV3a0av7OssDJJyXXytaJ6dT":{"chainKey":{"counter":258,"key":"3ZWfMEAV5n8dgBghfgUlokREEjPlmcL9IdRMgofwsJc="},"chainType":1,"messageKeys":{}}},"pendingPreKey":{"signedKeyId":9,"baseKey":"BbdQI+WqAMD8hW5aRiRZHq5EveeyXPmjvQdEf2/HIhoT","preKeyId":4015993}}},"version":"v1"}