{"_sessions":{"BbC2pY/utHXK8FmRli0YcJA4l9SvAxFSk94VZvpUbjhi":{"registrationId":329428619,"currentRatchet":{"ephemeralKeyPair":{"pubKey":"BbmPr9pKxW2y+L48Ni8Z9FUjGMV7Vw5UUlC0HBgmey5p","privKey":"MPB0Jo/4jyOFLhCui22Gk5FNxU1KepEHP2xIxBYMKUY="},"lastRemoteEphemeralKey":"BQPsRy+wQkyIW7DH69NoHUEgS3+lhVMX+pb1BYRseNxq","previousCounter":0,"rootKey":"v6ugMhrBcfvRxZkWRIZtzZaXY/Ru6hGccyND6iZiCMA="},"indexInfo":{"baseKey":"BbC2pY/utHXK8FmRli0YcJA4l9SvAxFSk94VZvpUbjhi","baseKeyType":1,"closed":1686140243346,"used":1686138799930,"created":1686138799930,"remoteIdentityKey":"BbWPyxuKeX9BHgMKQFUlNFpYrGkJXayzOReZEvEMiAAo"},"_chains":{"BbmPr9pKxW2y+L48Ni8Z9FUjGMV7Vw5UUlC0HBgmey5p":{"chainKey":{"counter":124,"key":"0ezIzpJlyS5W8AG4iscxb2buOf9ga7eZfF2nOV1A2O0="},"chainType":1,"messageKeys":{}}},"pendingPreKey":{"signedKeyId":0,"baseKey":"BbC2pY/utHXK8FmRli0YcJA4l9SvAxFSk94VZvpUbjhi","preKeyId":4414999}},"BTaZQlxsIXE7M8ubggppY897CAY46pUlsbleGXWG8g0O":{"registrationId":329428619,"currentRatchet":{"ephemeralKeyPair":{"pubKey":"BRtBXbxF6Molum1DYFzF+2CvC4Po2Ic0AE2XavOVBh12","privKey":"UBrAGU6ArWdOZDzIEczatxMhyvZn7JIjBBLmST5ygmY="},"lastRemoteEphemeralKey":"BQPsRy+wQkyIW7DH69NoHUEgS3+lhVMX+pb1BYRseNxq","previousCounter":0,"rootKey":"3rhzal/vMHxDEOtrMErdZm/J0TA3OZ1OdRT9OLCfhOc="},"indexInfo":{"baseKey":"BTaZQlxsIXE7M8ubggppY897CAY46pUlsbleGXWG8g0O","baseKeyType":1,"closed":-1,"used":1686140243326,"created":1686140243326,"remoteIdentityKey":"BbWPyxuKeX9BHgMKQFUlNFpYrGkJXayzOReZEvEMiAAo"},"_chains":{"BRtBXbxF6Molum1DYFzF+2CvC4Po2Ic0AE2XavOVBh12":{"chainKey":{"counter":138,"key":"EvQjEIHVrdrNxhL4BVrW7A9cgYy15yJq4b7tLBcBSRg="},"chainType":1,"messageKeys":{}}},"pendingPreKey":{"signedKeyId":0,"baseKey":"BTaZQlxsIXE7M8ubggppY897CAY46pUlsbleGXWG8g0O","preKeyId":4414933}}},"version":"v1"}