{"_sessions":{"BZNm6VdnZB6lkEVIj5fYN9S4CPgf2M1Mv7QNdQARFF8i":{"registrationId":1186163982,"currentRatchet":{"ephemeralKeyPair":{"pubKey":"BYM+sGwxq1VLYWxsWnJs0rq8hWFuYgk1UKCW2EQIvZV7","privKey":"YL44fgGl6EMcbw/0JgSpwpVT7j+ruK+Rn6Homw1brl0="},"lastRemoteEphemeralKey":"Bei96G45QyNk5PBILrwW7RkyN04+z3egXNBSvOrypLFE","previousCounter":0,"rootKey":"Omk5cm+mZ896R6AxRYgfJ8LLbrffn+9oBow1fPdavJA="},"indexInfo":{"baseKey":"BZNm6VdnZB6lkEVIj5fYN9S4CPgf2M1Mv7QNdQARFF8i","baseKeyType":1,"closed":-1,"used":1686138797640,"created":1686138797640,"remoteIdentityKey":"BeByyoDFXLSTZdJgPAFwnAFHWhm6qVblM3hb2870E3wW"},"_chains":{"BYM+sGwxq1VLYWxsWnJs0rq8hWFuYgk1UKCW2EQIvZV7":{"chainKey":{"counter":263,"key":"JjiQzQdFOBdN5ASEVVAtd4PkUA3MydnX0Pa87qUOkAU="},"chainType":1,"messageKeys":{}}},"pendingPreKey":{"signedKeyId":15,"baseKey":"BZNm6VdnZB6lkEVIj5fYN9S4CPgf2M1Mv7QNdQARFF8i","preKeyId":8273668}}},"version":"v1"}