{"_sessions":{"BRQmgmEq2jGVtpthFR9hawRio6pHk0a1ICVw4k41eWg9":{"registrationId":697629702,"currentRatchet":{"ephemeralKeyPair":{"pubKey":"BYenDDg5qsgRKQEO5v2bG8hkGDbiFzwFAt7krbOJZGty","privKey":"mBSvokpnv73nPh/wqIXdSVHjC44PWtQMTpei5p2HKmw="},"lastRemoteEphemeralKey":"BUpWgAUQy67SXHb1pFt6ZT6ql8y3Qjc4pW2F39zYBzBL","previousCounter":0,"rootKey":"srbAkJU58mA+zKAheqDmKDviWScNgrPKDqRrI5QpFgs="},"indexInfo":{"baseKey":"BRQmgmEq2jGVtpthFR9hawRio6pHk0a1ICVw4k41eWg9","baseKeyType":1,"closed":1686141027478,"used":1686141019984,"created":1686141019984,"remoteIdentityKey":"Bflb1uclhEVdis/etkW3Q8bjXk4HCBCdeO78SfObmxMK"},"_chains":{"BYenDDg5qsgRKQEO5v2bG8hkGDbiFzwFAt7krbOJZGty":{"chainKey":{"counter":0,"key":"6vsXhzS5n4KRB/DoRjFVo556WwAvIu6EoiCn+lsnBlI="},"chainType":1,"messageKeys":{}}},"pendingPreKey":{"signedKeyId":0,"baseKey":"BRQmgmEq2jGVtpthFR9hawRio6pHk0a1ICVw4k41eWg9","preKeyId":3276212}},"BcE9Q1fJnqQQaTLzB8lncOvzSocL/SWz3ubEKR0azLFT":{"registrationId":697629702,"currentRatchet":{"ephemeralKeyPair":{"pubKey":"BXsePREJ0WC8R6bo0uvH7oYP7KlhdEO1cSY3d3oLoJdy","privKey":"KMWqC5/q2Zu2SbJk2t6tkaFqqvKZlZF4ktspXHja0WA="},"lastRemoteEphemeralKey":"BUpWgAUQy67SXHb1pFt6ZT6ql8y3Qjc4pW2F39zYBzBL","previousCounter":0,"rootKey":"MJTloX6CnHUFBT3erzJAbMQXK45uXyB1ICdwet+r/8g="},"indexInfo":{"baseKey":"BcE9Q1fJnqQQaTLzB8lncOvzSocL/SWz3ubEKR0azLFT","baseKeyType":1,"closed":1686141033906,"used":1686141027447,"created":1686141027447,"remoteIdentityKey":"Bflb1uclhEVdis/etkW3Q8bjXk4HCBCdeO78SfObmxMK"},"_chains":{"BXsePREJ0WC8R6bo0uvH7oYP7KlhdEO1cSY3d3oLoJdy":{"chainKey":{"counter":0,"key":"l0RZBlKFgVMVG+3GHsbMfYzhfKvDRk3k363NDpzqIuE="},"chainType":1,"messageKeys":{}}},"pendingPreKey":{"signedKeyId":0,"baseKey":"BcE9Q1fJnqQQaTLzB8lncOvzSocL/SWz3ubEKR0azLFT","preKeyId":3276230}},"BbXlAMHsW/b8g5hZhj38gRnXfAJgZ54yXDUrLYwJBaAR":{"registrationId":697629702,"currentRatchet":{"ephemeralKeyPair":{"pubKey":"BQDIaH/BJSpdPui3sI5wnfBLhUJOeWRakpRqJlm1fmF9","privKey":"OFCAnl/agGr2DZRbWbWjD+Il1fihKY6GZK3XTxTmAlQ="},"lastRemoteEphemeralKey":"BUpWgAUQy67SXHb1pFt6ZT6ql8y3Qjc4pW2F39zYBzBL","previousCounter":0,"rootKey":"aOOdqnSoazcSbcdTuig2SOi8cW2urrSoNW5WAXEc8S8="},"indexInfo":{"baseKey":"BbXlAMHsW/b8g5hZhj38gRnXfAJgZ54yXDUrLYwJBaAR","baseKeyType":1,"closed":1686141040122,"used":1686141033876,"created":1686141033876,"remoteIdentityKey":"Bflb1uclhEVdis/etkW3Q8bjXk4HCBCdeO78SfObmxMK"},"_chains":{"BQDIaH/BJSpdPui3sI5wnfBLhUJOeWRakpRqJlm1fmF9":{"chainKey":{"counter":0,"key":"6PLczMT39O4ggRfpUAsgtLRXhSgDK3TkzMPbSRKPm44="},"chainType":1,"messageKeys":{}}},"pendingPreKey":{"signedKeyId":0,"baseKey":"BbXlAMHsW/b8g5hZhj38gRnXfAJgZ54yXDUrLYwJBaAR","preKeyId":3276288}},"Bah2PhYrSgr6YnaC0w0uCqQBXjrjgvA4QYb81p+bMGV0":{"registrationId":697629702,"currentRatchet":{"ephemeralKeyPair":{"pubKey":"BQZ5OH0Y0EhTrFhu8JxhklzKYl7Z3YsfsqFb6FMN5t8O","privKey":"GOnVr7YcCnkwNrr7AgRKphLxrvHOzPGkYubq0l4dUHM="},"lastRemoteEphemeralKey":"BUpWgAUQy67SXHb1pFt6ZT6ql8y3Qjc4pW2F39zYBzBL","previousCounter":0,"rootKey":"heJHGoGErQvJJntuj50tO6GxuLlOmzLmvt94I1Eyf/8="},"indexInfo":{"baseKey":"Bah2PhYrSgr6YnaC0w0uCqQBXjrjgvA4QYb81p+bMGV0","baseKeyType":1,"closed":1686141155811,"used":1686141040111,"created":1686141040111,"remoteIdentityKey":"Bflb1uclhEVdis/etkW3Q8bjXk4HCBCdeO78SfObmxMK"},"_chains":{"BQZ5OH0Y0EhTrFhu8JxhklzKYl7Z3YsfsqFb6FMN5t8O":{"chainKey":{"counter":15,"key":"2eepxkkN5J5huKmdbQ747Q7fooxpk2zBBQLEqKKSECU="},"chainType":1,"messageKeys":{}}},"pendingPreKey":{"signedKeyId":0,"baseKey":"Bah2PhYrSgr6YnaC0w0uCqQBXjrjgvA4QYb81p+bMGV0","preKeyId":3276284}},"BfkviXbsO4kbuFC8AnWq6xqGjaxAeRW6SKkx1+ypHDkp":{"registrationId":697629702,"currentRatchet":{"ephemeralKeyPair":{"pubKey":"BY9n5xbseqxHTjPgniivk6g7JJYV6CW69QDDmzwQuH5o","privKey":"qJLUC2Qqe2Ll+ETrtNkGFTHA/RC+FbNN2J9H5cSt93Y="},"lastRemoteEphemeralKey":"BUpWgAUQy67SXHb1pFt6ZT6ql8y3Qjc4pW2F39zYBzBL","previousCounter":0,"rootKey":"/cCVTA0tBIDLbEqIkpI8DbVaOOvNFeJNe5YPWObH+uc="},"indexInfo":{"baseKey":"BfkviXbsO4kbuFC8AnWq6xqGjaxAeRW6SKkx1+ypHDkp","baseKeyType":1,"closed":1686141167427,"used":1686141155791,"created":1686141155791,"remoteIdentityKey":"Bflb1uclhEVdis/etkW3Q8bjXk4HCBCdeO78SfObmxMK"},"_chains":{"BY9n5xbseqxHTjPgniivk6g7JJYV6CW69QDDmzwQuH5o":{"chainKey":{"counter":2,"key":"MLTU4ckzGtDK3W1sJmld3LpLMbSIfLkbe2RM6hVy2rc="},"chainType":1,"messageKeys":{}}},"pendingPreKey":{"signedKeyId":0,"baseKey":"BfkviXbsO4kbuFC8AnWq6xqGjaxAeRW6SKkx1+ypHDkp","preKeyId":3276259}},"BT934hyHJRD83HfYCBQACUNsi/HsIsYLqWDDYy2GOq8K":{"registrationId":697629702,"currentRatchet":{"ephemeralKeyPair":{"pubKey":"Bb0hSoqlxA+2eIHhX2RLc2i/AGQbbwHLo30BBscaYXFN","privKey":"8MCQK2TwAV0GY8rq1OCb6d01H8/XEtP0dk/oz3gV4UQ="},"lastRemoteEphemeralKey":"BUpWgAUQy67SXHb1pFt6ZT6ql8y3Qjc4pW2F39zYBzBL","previousCounter":0,"rootKey":"W6HG32ZF8K7PYliRcvMQRvM4D0RdsrtxaIhW82m9ThM="},"indexInfo":{"baseKey":"BT934hyHJRD83HfYCBQACUNsi/HsIsYLqWDDYy2GOq8K","baseKeyType":1,"closed":1686141171041,"used":1686141167401,"created":1686141167401,"remoteIdentityKey":"Bflb1uclhEVdis/etkW3Q8bjXk4HCBCdeO78SfObmxMK"},"_chains":{"Bb0hSoqlxA+2eIHhX2RLc2i/AGQbbwHLo30BBscaYXFN":{"chainKey":{"counter":0,"key":"aavivaDjgdh8cBof5CRVG7m21yeIncdUvIWZUMak500="},"chainType":1,"messageKeys":{}}},"pendingPreKey":{"signedKeyId":0,"baseKey":"BT934hyHJRD83HfYCBQACUNsi/HsIsYLqWDDYy2GOq8K","preKeyId":3276161}},"BTtmQCEg3jGYmli0KGzM4VRJ4gOBIb8jI4KXLSIXuSwO":{"registrationId":697629702,"currentRatchet":{"ephemeralKeyPair":{"pubKey":"BYuWjzXsmvgkttOWEPyiLFafrcKudh3KWoY86cRk6Q9d","privKey":"yA7o4KgodhICQLUc0LCDgqebt1Ow4JIkIFo1h2Tx7lw="},"lastRemoteEphemeralKey":"BUpWgAUQy67SXHb1pFt6ZT6ql8y3Qjc4pW2F39zYBzBL","previousCounter":0,"rootKey":"mQWGhkLhaLsBG+lyKELhHlV5qJPNoq3E8QbPgYLUrY4="},"indexInfo":{"baseKey":"BTtmQCEg3jGYmli0KGzM4VRJ4gOBIb8jI4KXLSIXuSwO","baseKeyType":1,"closed":1686141178592,"used":1686141171023,"created":1686141171023,"remoteIdentityKey":"Bflb1uclhEVdis/etkW3Q8bjXk4HCBCdeO78SfObmxMK"},"_chains":{"BYuWjzXsmvgkttOWEPyiLFafrcKudh3KWoY86cRk6Q9d":{"chainKey":{"counter":0,"key":"uKJ9aO9gyuUIx2ncG+FMkVK7r29hTnPqBIIPOEvYZrg="},"chainType":1,"messageKeys":{}}},"pendingPreKey":{"signedKeyId":0,"baseKey":"BTtmQCEg3jGYmli0KGzM4VRJ4gOBIb8jI4KXLSIXuSwO","preKeyId":3276281}},"Bdofdboaw4G3qgeE0s/aCGnzOgTvJKjX6XnVjPseYrt0":{"registrationId":697629702,"currentRatchet":{"ephemeralKeyPair":{"pubKey":"BZIQEc9rJMldUrYyWODZH5DZbaYWEW5xX5IYkbBX4kMD","privKey":"UKKuzI9fQZjrj0F2JPosNlY6tI2gwdz0y+j+cLOzynM="},"lastRemoteEphemeralKey":"BUpWgAUQy67SXHb1pFt6ZT6ql8y3Qjc4pW2F39zYBzBL","previousCounter":0,"rootKey":"f2J1FDiSBeDK6HnSOY217pnVrDb/8gPsZlRDCWHcjAQ="},"indexInfo":{"baseKey":"Bdofdboaw4G3qgeE0s/aCGnzOgTvJKjX6XnVjPseYrt0","baseKeyType":1,"closed":1686141183007,"used":1686141178589,"created":1686141178589,"remoteIdentityKey":"Bflb1uclhEVdis/etkW3Q8bjXk4HCBCdeO78SfObmxMK"},"_chains":{"BZIQEc9rJMldUrYyWODZH5DZbaYWEW5xX5IYkbBX4kMD":{"chainKey":{"counter":0,"key":"CGbVwU+JmB7fp5kT1VIvw2GoneRFUtWSKgeK9s6Ld4k="},"chainType":1,"messageKeys":{}}},"pendingPreKey":{"signedKeyId":0,"baseKey":"Bdofdboaw4G3qgeE0s/aCGnzOgTvJKjX6XnVjPseYrt0","preKeyId":3276195}},"BbqZuBT5Fr6qveEdAukBeQhfCdqhrkrlaQ80DIxx/kZX":{"registrationId":697629702,"currentRatchet":{"ephemeralKeyPair":{"pubKey":"BQW7X2UF25CxvLeW/vDWcCOuAEz3yEQH81o8A02bC70N","privKey":"QBGXbr3ghOkb43M2zxhyTEucfI5nn/zfQ6P3dPRxiW0="},"lastRemoteEphemeralKey":"BUpWgAUQy67SXHb1pFt6ZT6ql8y3Qjc4pW2F39zYBzBL","previousCounter":0,"rootKey":"zDoURAVFQssUrL0Szy/Xr3roIUpM1OGrWuaIFJjWLAQ="},"indexInfo":{"baseKey":"BbqZuBT5Fr6qveEdAukBeQhfCdqhrkrlaQ80DIxx/kZX","baseKeyType":1,"closed":1686141192286,"used":1686141182958,"created":1686141182958,"remoteIdentityKey":"Bflb1uclhEVdis/etkW3Q8bjXk4HCBCdeO78SfObmxMK"},"_chains":{"BQW7X2UF25CxvLeW/vDWcCOuAEz3yEQH81o8A02bC70N":{"chainKey":{"counter":1,"key":"8y5Iej/PDaP5ghWT5cQgBnaKLJeNvE8xjcLtXnMJgiE="},"chainType":1,"messageKeys":{}}},"pendingPreKey":{"signedKeyId":0,"baseKey":"BbqZuBT5Fr6qveEdAukBeQhfCdqhrkrlaQ80DIxx/kZX","preKeyId":3276356}},"Bb02zdU8t0Sbn787VA+dvXklW29fynXMqKftAzOk+DU8":{"registrationId":697629702,"currentRatchet":{"ephemeralKeyPair":{"pubKey":"BfyPdz1tWWkpubIbEgHXu/fpsLqLCTI/ERk+eubRG84b","privKey":"AOOLx+58kRtha4iqVNSMEeuHnY7N3K8uzykI5g25HFs="},"lastRemoteEphemeralKey":"BUpWgAUQy67SXHb1pFt6ZT6ql8y3Qjc4pW2F39zYBzBL","previousCounter":0,"rootKey":"PX84pyAkokawfM/laSh0R+cH0mmNqHSu5qD18UgiLmk="},"indexInfo":{"baseKey":"Bb02zdU8t0Sbn787VA+dvXklW29fynXMqKftAzOk+DU8","baseKeyType":1,"closed":1686141253322,"used":1686141192257,"created":1686141192257,"remoteIdentityKey":"Bflb1uclhEVdis/etkW3Q8bjXk4HCBCdeO78SfObmxMK"},"_chains":{"BfyPdz1tWWkpubIbEgHXu/fpsLqLCTI/ERk+eubRG84b":{"chainKey":{"counter":3,"key":"lZhQ1SO+fGPVJ8NvKytpMoLyRR//2HRcPSgW2PtcnCE="},"chainType":1,"messageKeys":{}}},"pendingPreKey":{"signedKeyId":0,"baseKey":"Bb02zdU8t0Sbn787VA+dvXklW29fynXMqKftAzOk+DU8","preKeyId":3276177}},"BWwobyvOCyggsK1g6Vas5qzVeHh4R5YksPOqqBppUtI2":{"registrationId":697629702,"currentRatchet":{"ephemeralKeyPair":{"pubKey":"Bd8owR/vmNogloozupWY+SdL/oVUwyCFZvQJkGWlXbsQ","privKey":"COSNsf5lvBR/vbX8FC3Htv8E865olM2ZS6LotEXzD2k="},"lastRemoteEphemeralKey":"BUpWgAUQy67SXHb1pFt6ZT6ql8y3Qjc4pW2F39zYBzBL","previousCounter":0,"rootKey":"DyKMn8gywiw3rmNPrPiy5k+ZmsO80KCrJ9BICEnH8CI="},"indexInfo":{"baseKey":"BWwobyvOCyggsK1g6Vas5qzVeHh4R5YksPOqqBppUtI2","baseKeyType":1,"closed":1686141263177,"used":1686141253311,"created":1686141253311,"remoteIdentityKey":"Bflb1uclhEVdis/etkW3Q8bjXk4HCBCdeO78SfObmxMK"},"_chains":{"Bd8owR/vmNogloozupWY+SdL/oVUwyCFZvQJkGWlXbsQ":{"chainKey":{"counter":2,"key":"siMzszLxhQVld78RCWUVMs1O+EoY/ACkQlimNFRONsI="},"chainType":1,"messageKeys":{}}},"pendingPreKey":{"signedKeyId":0,"baseKey":"BWwobyvOCyggsK1g6Vas5qzVeHh4R5YksPOqqBppUtI2","preKeyId":3276120}},"BVTT3NnHD0h7qg99Tzn3rjd0qrmH+NBIjb4rmjN6WkVG":{"registrationId":697629702,"currentRatchet":{"ephemeralKeyPair":{"pubKey":"BRnCS6z6jh/pPnFxAvOEkL8L//OcAHlej+5ZRfqaRwRi","privKey":"8NaCQNGFZQnxplR2+rCsHS+5SKNDYO2vpytzHUpDJXs="},"lastRemoteEphemeralKey":"BUpWgAUQy67SXHb1pFt6ZT6ql8y3Qjc4pW2F39zYBzBL","previousCounter":0,"rootKey":"tlG6FzPkMa3xwXzMdUrp6iq2ZWmVUeTk7pd9sTRrYDE="},"indexInfo":{"baseKey":"BVTT3NnHD0h7qg99Tzn3rjd0qrmH+NBIjb4rmjN6WkVG","baseKeyType":1,"closed":1686141268759,"used":1686141263163,"created":1686141263163,"remoteIdentityKey":"Bflb1uclhEVdis/etkW3Q8bjXk4HCBCdeO78SfObmxMK"},"_chains":{"BRnCS6z6jh/pPnFxAvOEkL8L//OcAHlej+5ZRfqaRwRi":{"chainKey":{"counter":1,"key":"KVzGlw4TVKr1XUDOE71n3kKa+TIotc+sKiqndSCPTXI="},"chainType":1,"messageKeys":{}}},"pendingPreKey":{"signedKeyId":0,"baseKey":"BVTT3NnHD0h7qg99Tzn3rjd0qrmH+NBIjb4rmjN6WkVG","preKeyId":3275991}},"BQQAzjbyGsbClp7EpHl+LvJV4WeO0NarMOc2eKTQh14z":{"registrationId":697629702,"currentRatchet":{"ephemeralKeyPair":{"pubKey":"BbmtISOQofK/0wG8sCDJp/YcuiHuKXf6aYbgWhiyzD0+","privKey":"4CsUhWuf6J3fOs+DtCXZFCYY2l+abTZrNuJFRuuYvFY="},"lastRemoteEphemeralKey":"BUpWgAUQy67SXHb1pFt6ZT6ql8y3Qjc4pW2F39zYBzBL","previousCounter":0,"rootKey":"7WqTnTUsVdt+1pNTemIx+kyxZZpgB2SFSvZtybDdlcA="},"indexInfo":{"baseKey":"BQQAzjbyGsbClp7EpHl+LvJV4WeO0NarMOc2eKTQh14z","baseKeyType":1,"closed":1686141276097,"used":1686141268745,"created":1686141268745,"remoteIdentityKey":"Bflb1uclhEVdis/etkW3Q8bjXk4HCBCdeO78SfObmxMK"},"_chains":{"BbmtISOQofK/0wG8sCDJp/YcuiHuKXf6aYbgWhiyzD0+":{"chainKey":{"counter":2,"key":"orR60E38lYlBH2V6tpb0YGiWyGIWRY/glfleZ/Fs/ew="},"chainType":1,"messageKeys":{}}},"pendingPreKey":{"signedKeyId":0,"baseKey":"BQQAzjbyGsbClp7EpHl+LvJV4WeO0NarMOc2eKTQh14z","preKeyId":3276189}},"BZKX77SqbCoLqTUvzTsqhUKa3hkuchFPdnVQ0qgwo9MY":{"registrationId":697629702,"currentRatchet":{"ephemeralKeyPair":{"pubKey":"BUsxZ/dUx5KATsLH0rDN+xQy8lOK84Q+DVK4aSffw5lW","privKey":"+NjFZfCf0QePRAiIJbdjeEDVViKtb7IeALjr6ITkJ1Y="},"lastRemoteEphemeralKey":"BUpWgAUQy67SXHb1pFt6ZT6ql8y3Qjc4pW2F39zYBzBL","previousCounter":0,"rootKey":"6PJ0o0Ky+iScJ8ULgWfr5SfcJuQkEfIK2112UW8vYEc="},"indexInfo":{"baseKey":"BZKX77SqbCoLqTUvzTsqhUKa3hkuchFPdnVQ0qgwo9MY","baseKeyType":1,"closed":1686141279077,"used":1686141276092,"created":1686141276091,"remoteIdentityKey":"Bflb1uclhEVdis/etkW3Q8bjXk4HCBCdeO78SfObmxMK"},"_chains":{"BUsxZ/dUx5KATsLH0rDN+xQy8lOK84Q+DVK4aSffw5lW":{"chainKey":{"counter":0,"key":"5BtFoSbdIcaFCpg1tKQ9eRsiXHKGye+tfnpYS6qVXHY="},"chainType":1,"messageKeys":{}}},"pendingPreKey":{"signedKeyId":0,"baseKey":"BZKX77SqbCoLqTUvzTsqhUKa3hkuchFPdnVQ0qgwo9MY","preKeyId":3276030}},"BdLIUWLClqNv8FFBAaclSg3Tpq0S7wgYF6WIgDkaBDpz":{"registrationId":697629702,"currentRatchet":{"ephemeralKeyPair":{"pubKey":"Bb28m551gO5RoiXzn1kE36Ehc/ludqUjlONc8oppl2os","privKey":"MM+ieqHwmJaC5mcCKIXBRbYCJlMU2yL9PZA2n/qRu0s="},"lastRemoteEphemeralKey":"BUpWgAUQy67SXHb1pFt6ZT6ql8y3Qjc4pW2F39zYBzBL","previousCounter":0,"rootKey":"FaRX8X3fnqeSP+QpW7NUds1sgeN54T9qq2nJMgzhW60="},"indexInfo":{"baseKey":"BdLIUWLClqNv8FFBAaclSg3Tpq0S7wgYF6WIgDkaBDpz","baseKeyType":1,"closed":1686141282882,"used":1686141279074,"created":1686141279074,"remoteIdentityKey":"Bflb1uclhEVdis/etkW3Q8bjXk4HCBCdeO78SfObmxMK"},"_chains":{"Bb28m551gO5RoiXzn1kE36Ehc/ludqUjlONc8oppl2os":{"chainKey":{"counter":1,"key":"SN0x1c22zXxVd+GG6xMx1iN5Uu14kqCNlq+XvLssmwg="},"chainType":1,"messageKeys":{}}},"pendingPreKey":{"signedKeyId":0,"baseKey":"BdLIUWLClqNv8FFBAaclSg3Tpq0S7wgYF6WIgDkaBDpz","preKeyId":3276188}},"Bb6cUauwaQJnqDJ/uGnALTGumAeGzh/dwPlxiLec1bVL":{"registrationId":697629702,"currentRatchet":{"ephemeralKeyPair":{"pubKey":"BUun8qRn69VLGuajqT2hYO3pwbgr2QYKHAFW3RlylPYw","privKey":"QAdvlyWQaK43JDatTIy9QwuwGA33EOFV19bGLi/K83Y="},"lastRemoteEphemeralKey":"BUpWgAUQy67SXHb1pFt6ZT6ql8y3Qjc4pW2F39zYBzBL","previousCounter":0,"rootKey":"cM92rIzV50ssInwbd5DUFBM2qtQTclkDd0vd5IOAkdM="},"indexInfo":{"baseKey":"Bb6cUauwaQJnqDJ/uGnALTGumAeGzh/dwPlxiLec1bVL","baseKeyType":1,"closed":1686141290715,"used":1686141282860,"created":1686141282860,"remoteIdentityKey":"Bflb1uclhEVdis/etkW3Q8bjXk4HCBCdeO78SfObmxMK"},"_chains":{"BUun8qRn69VLGuajqT2hYO3pwbgr2QYKHAFW3RlylPYw":{"chainKey":{"counter":2,"key":"RW4ZUAo9sGflrw7r6io1AIExvXttb5FvtDH046aXuuE="},"chainType":1,"messageKeys":{}}},"pendingPreKey":{"signedKeyId":0,"baseKey":"Bb6cUauwaQJnqDJ/uGnALTGumAeGzh/dwPlxiLec1bVL","preKeyId":3276131}},"Bf33nrLIOydj6piea1tDRI7L7Pa/7mdXXRfBMMXmm/5R":{"registrationId":697629702,"currentRatchet":{"ephemeralKeyPair":{"pubKey":"Bf3Yg4U37uwz6Js7PYLiETaVWxahGGxdHLiKu3Ram5Y3","privKey":"AEacn0WGBTtVCtNYvKtzEu38COjjr5mtIPjpL1lD53w="},"lastRemoteEphemeralKey":"BUpWgAUQy67SXHb1pFt6ZT6ql8y3Qjc4pW2F39zYBzBL","previousCounter":0,"rootKey":"LFP/PEQT9HC4TfVDnZoX2X3EY0YKX3CueQXpEFJkj5k="},"indexInfo":{"baseKey":"Bf33nrLIOydj6piea1tDRI7L7Pa/7mdXXRfBMMXmm/5R","baseKeyType":1,"closed":1686141296135,"used":1686141290705,"created":1686141290705,"remoteIdentityKey":"Bflb1uclhEVdis/etkW3Q8bjXk4HCBCdeO78SfObmxMK"},"_chains":{"Bf3Yg4U37uwz6Js7PYLiETaVWxahGGxdHLiKu3Ram5Y3":{"chainKey":{"counter":1,"key":"mqYCXFpBx//iUVLh9JEVSia+pL65zG1j4yRxWwQwWNg="},"chainType":1,"messageKeys":{}}},"pendingPreKey":{"signedKeyId":0,"baseKey":"Bf33nrLIOydj6piea1tDRI7L7Pa/7mdXXRfBMMXmm/5R","preKeyId":3275992}},"Ba2MRSAH944lx9de54Ik4ty5Uj1I/dAY56/Z/ki52mgg":{"registrationId":697629702,"currentRatchet":{"ephemeralKeyPair":{"pubKey":"BYxYuwm8E8IKhzrjUbL6sdh37nYrJHfXZVkR41xxfdl2","privKey":"wFsfe8+Km6+bPXI9ysH8AXTTN5NbqDkbHJzxdY41UUI="},"lastRemoteEphemeralKey":"BUpWgAUQy67SXHb1pFt6ZT6ql8y3Qjc4pW2F39zYBzBL","previousCounter":0,"rootKey":"o0NYJub3vuO8rypiCCzNKqytK99S12zYcGfifuYh8+8="},"indexInfo":{"baseKey":"Ba2MRSAH944lx9de54Ik4ty5Uj1I/dAY56/Z/ki52mgg","baseKeyType":1,"closed":1686141305115,"used":1686141296117,"created":1686141296117,"remoteIdentityKey":"Bflb1uclhEVdis/etkW3Q8bjXk4HCBCdeO78SfObmxMK"},"_chains":{"BYxYuwm8E8IKhzrjUbL6sdh37nYrJHfXZVkR41xxfdl2":{"chainKey":{"counter":1,"key":"P0b/PTj8vSJc5UYXnOr8Qgp4+5j6PGBKd8j8vslfTfM="},"chainType":1,"messageKeys":{}}},"pendingPreKey":{"signedKeyId":0,"baseKey":"Ba2MRSAH944lx9de54Ik4ty5Uj1I/dAY56/Z/ki52mgg","preKeyId":3276190}},"BTdsPauIHqROiAZsXObhWFyy8Hh4vhWBXsARAFvKxuRC":{"registrationId":697629702,"currentRatchet":{"ephemeralKeyPair":{"pubKey":"BW9yvd1MjsP/j4bI5k2ZX0tAXC2koVRrjImtm0O+AgNN","privKey":"QP+YWEJWmS+sna8bgWE00DfOzaJgqXMlvzHdk0adG1o="},"lastRemoteEphemeralKey":"BUpWgAUQy67SXHb1pFt6ZT6ql8y3Qjc4pW2F39zYBzBL","previousCounter":0,"rootKey":"GvVht2Y6xoBnJD4Z0UWidGAZhMPd5LlJ6/AZG6lWQeo="},"indexInfo":{"baseKey":"BTdsPauIHqROiAZsXObhWFyy8Hh4vhWBXsARAFvKxuRC","baseKeyType":1,"closed":1686141308622,"used":1686141305105,"created":1686141305105,"remoteIdentityKey":"Bflb1uclhEVdis/etkW3Q8bjXk4HCBCdeO78SfObmxMK"},"_chains":{"BW9yvd1MjsP/j4bI5k2ZX0tAXC2koVRrjImtm0O+AgNN":{"chainKey":{"counter":0,"key":"gu+snZBSogU/+FfNEdiOxr3LwwO6hs2RE9TKDezkLVw="},"chainType":1,"messageKeys":{}}},"pendingPreKey":{"signedKeyId":0,"baseKey":"BTdsPauIHqROiAZsXObhWFyy8Hh4vhWBXsARAFvKxuRC","preKeyId":3276183}},"BVYbz1JGk1riufueWbwFRJvPklII2mYbXHvRJe6jTBJA":{"registrationId":697629702,"currentRatchet":{"ephemeralKeyPair":{"pubKey":"BVdLdUSNpmmPDRmHsRncg0QpdryrffbGTtDXA8LKzso1","privKey":"QDBB2jmvMATjXAZnQkttCvLEjPO8qWUXlRF6ckIWf2Y="},"lastRemoteEphemeralKey":"BUpWgAUQy67SXHb1pFt6ZT6ql8y3Qjc4pW2F39zYBzBL","previousCounter":0,"rootKey":"UVnkaMXcGCQs5NqolAvnl/b5j6GST+R/2AUn0riHyVI="},"indexInfo":{"baseKey":"BVYbz1JGk1riufueWbwFRJvPklII2mYbXHvRJe6jTBJA","baseKeyType":1,"closed":1686141338722,"used":1686141308617,"created":1686141308617,"remoteIdentityKey":"Bflb1uclhEVdis/etkW3Q8bjXk4HCBCdeO78SfObmxMK"},"_chains":{"BVdLdUSNpmmPDRmHsRncg0QpdryrffbGTtDXA8LKzso1":{"chainKey":{"counter":2,"key":"lpCezOVlWSykDXvbfw3U+IDo3KQr2UBOCTOD8aZMqsI="},"chainType":1,"messageKeys":{}}},"pendingPreKey":{"signedKeyId":0,"baseKey":"BVYbz1JGk1riufueWbwFRJvPklII2mYbXHvRJe6jTBJA","preKeyId":3276180}},"Bclj4QF6EhlN3upSVf4HU5YM+SOFWlEKDtb9ZbH0tuop":{"registrationId":697629702,"currentRatchet":{"ephemeralKeyPair":{"pubKey":"Be698SC3yoxh1Ej4URkXHjSaaMZRwbYUOFAJX153eq9u","privKey":"sLZDPbrE/EaCLPA5wpaRWi9lzLvtJuQRDtw3rCOmzlg="},"lastRemoteEphemeralKey":"BUpWgAUQy67SXHb1pFt6ZT6ql8y3Qjc4pW2F39zYBzBL","previousCounter":0,"rootKey":"5ymLMF1s8T21sAIxoZalNEoStesCjh0uj2f+USu/N90="},"indexInfo":{"baseKey":"Bclj4QF6EhlN3upSVf4HU5YM+SOFWlEKDtb9ZbH0tuop","baseKeyType":1,"closed":1686141341952,"used":1686141338699,"created":1686141338699,"remoteIdentityKey":"Bflb1uclhEVdis/etkW3Q8bjXk4HCBCdeO78SfObmxMK"},"_chains":{"Be698SC3yoxh1Ej4URkXHjSaaMZRwbYUOFAJX153eq9u":{"chainKey":{"counter":0,"key":"YEqnRwNfxDAYMg3w1ZElpK0xJQA1ubCnWB4hfVIOjJ8="},"chainType":1,"messageKeys":{}}},"pendingPreKey":{"signedKeyId":0,"baseKey":"Bclj4QF6EhlN3upSVf4HU5YM+SOFWlEKDtb9ZbH0tuop","preKeyId":3276209}},"BWNfh7hv6cQpvz37gguRN95KFH+c7D7W58ZRfM1qast8":{"registrationId":697629702,"currentRatchet":{"ephemeralKeyPair":{"pubKey":"BWfxOQRJmj9VALyhDbd2wJPjwo9M/INu7v3geqqvPFA4","privKey":"UNYocRdsOlibS6eCFIGAfMPGy22sKk2Wcf+9pYOfsFM="},"lastRemoteEphemeralKey":"BUpWgAUQy67SXHb1pFt6ZT6ql8y3Qjc4pW2F39zYBzBL","previousCounter":0,"rootKey":"1eMOztFVH/BhWTRPzsuqTYg+cPthh9LsDE6+pysU0q8="},"indexInfo":{"baseKey":"BWNfh7hv6cQpvz37gguRN95KFH+c7D7W58ZRfM1qast8","baseKeyType":1,"closed":1686141345304,"used":1686141341942,"created":1686141341942,"remoteIdentityKey":"Bflb1uclhEVdis/etkW3Q8bjXk4HCBCdeO78SfObmxMK"},"_chains":{"BWfxOQRJmj9VALyhDbd2wJPjwo9M/INu7v3geqqvPFA4":{"chainKey":{"counter":0,"key":"TZ3uwrcUqu0R41/YoIrAlSJQaOBa/gsmrSc9z4zas1c="},"chainType":1,"messageKeys":{}}},"pendingPreKey":{"signedKeyId":0,"baseKey":"BWNfh7hv6cQpvz37gguRN95KFH+c7D7W58ZRfM1qast8","preKeyId":3276138}},"BY5fRTq4XPX2omzo4F6SFDh4rad0nbLjWY9b6ayBGqkH":{"registrationId":697629702,"currentRatchet":{"ephemeralKeyPair":{"pubKey":"BRH+TtqYL1faXwp76iZEOPfU9F0wVY6hxL5rh5GiYAsM","privKey":"6AcV9rSFhmzojsAlhUXk4VFt1YH5So9ExPtYmPXc3lA="},"lastRemoteEphemeralKey":"BUpWgAUQy67SXHb1pFt6ZT6ql8y3Qjc4pW2F39zYBzBL","previousCounter":0,"rootKey":"J9vlXsjUhsG+8VOGPsGlzA1E/AGx1MdQU1uSbrn7PXg="},"indexInfo":{"baseKey":"BY5fRTq4XPX2omzo4F6SFDh4rad0nbLjWY9b6ayBGqkH","baseKeyType":1,"closed":1686141348139,"used":1686141345291,"created":1686141345291,"remoteIdentityKey":"Bflb1uclhEVdis/etkW3Q8bjXk4HCBCdeO78SfObmxMK"},"_chains":{"BRH+TtqYL1faXwp76iZEOPfU9F0wVY6hxL5rh5GiYAsM":{"chainKey":{"counter":0,"key":"pbuQv3hxjBTysaaX1QoAEB3VXyEgKHpTIWv1hKzK5gI="},"chainType":1,"messageKeys":{}}},"pendingPreKey":{"signedKeyId":0,"baseKey":"BY5fRTq4XPX2omzo4F6SFDh4rad0nbLjWY9b6ayBGqkH","preKeyId":3275956}},"BX1xf/lP0l8Pb4DywElqWnovJmIJz8JzG3YYpCJ4OF0/":{"registrationId":697629702,"currentRatchet":{"ephemeralKeyPair":{"pubKey":"BXqQuMG/7CyIhe+86wUsQ1wOrNg57Wtm7lU0EEFQam1p","privKey":"2NZYsZBWza5M/G5WQZTDbAEUwT1ONOMlxh/JeZhmh1c="},"lastRemoteEphemeralKey":"BUpWgAUQy67SXHb1pFt6ZT6ql8y3Qjc4pW2F39zYBzBL","previousCounter":0,"rootKey":"S88Z3gjVQFZeQsEWmQ0XrAev7wXEkY4f2Q3PGZq8/Zg="},"indexInfo":{"baseKey":"BX1xf/lP0l8Pb4DywElqWnovJmIJz8JzG3YYpCJ4OF0/","baseKeyType":1,"closed":1686141358620,"used":1686141348084,"created":1686141348084,"remoteIdentityKey":"Bflb1uclhEVdis/etkW3Q8bjXk4HCBCdeO78SfObmxMK"},"_chains":{"BXqQuMG/7CyIhe+86wUsQ1wOrNg57Wtm7lU0EEFQam1p":{"chainKey":{"counter":2,"key":"dIjBujuZIxDxs8xFB54eLwJ8ilIbYurcUSyKfQ2KDP4="},"chainType":1,"messageKeys":{}}},"pendingPreKey":{"signedKeyId":0,"baseKey":"BX1xf/lP0l8Pb4DywElqWnovJmIJz8JzG3YYpCJ4OF0/","preKeyId":3276187}},"BUGKsfyhaMIgvJnv9iliLxp0Px4ejC7IzH2v1eAf7kIR":{"registrationId":697629702,"currentRatchet":{"ephemeralKeyPair":{"pubKey":"BeRSpwVwutiq53QuiHdZwTb/lKHpIHkLE/xcH+wqml8l","privKey":"KIUPBDkYrR4R0Rp19n1cyxMyd8fV/dfJuMWbXRXMkEU="},"lastRemoteEphemeralKey":"BUpWgAUQy67SXHb1pFt6ZT6ql8y3Qjc4pW2F39zYBzBL","previousCounter":0,"rootKey":"q0s6ZDn0wOVEEz0JFWPBBMq++JmOPKo8Rw5o+b4XShM="},"indexInfo":{"baseKey":"BUGKsfyhaMIgvJnv9iliLxp0Px4ejC7IzH2v1eAf7kIR","baseKeyType":1,"closed":1686141391822,"used":1686141358611,"created":1686141358611,"remoteIdentityKey":"Bflb1uclhEVdis/etkW3Q8bjXk4HCBCdeO78SfObmxMK"},"_chains":{"BeRSpwVwutiq53QuiHdZwTb/lKHpIHkLE/xcH+wqml8l":{"chainKey":{"counter":3,"key":"F0AJVShIhyDMWTec3VmzgPXBOIBLCBhJUGwK3veCjYY="},"chainType":1,"messageKeys":{}}},"pendingPreKey":{"signedKeyId":0,"baseKey":"BUGKsfyhaMIgvJnv9iliLxp0Px4ejC7IzH2v1eAf7kIR","preKeyId":3276185}},"BaTkHknArFyw/xIhLCKjCuqLjMP+43MqQzty5f7HCnAh":{"registrationId":697629702,"currentRatchet":{"ephemeralKeyPair":{"pubKey":"BUgG6IYBi1o58TEhEb8DYyJv8cGd66gUd/gnYbzbl0lu","privKey":"aE/GwUpkXN1T3sGoW+c0MS14RN6o3aH6BP4ajLsXt04="},"lastRemoteEphemeralKey":"BUpWgAUQy67SXHb1pFt6ZT6ql8y3Qjc4pW2F39zYBzBL","previousCounter":0,"rootKey":"CEyLc4ziL1lCIU8zdyIhviaSXmmXoRTl/mNNxoWtesk="},"indexInfo":{"baseKey":"BaTkHknArFyw/xIhLCKjCuqLjMP+43MqQzty5f7HCnAh","baseKeyType":1,"closed":1686141402118,"used":1686141391805,"created":1686141391805,"remoteIdentityKey":"Bflb1uclhEVdis/etkW3Q8bjXk4HCBCdeO78SfObmxMK"},"_chains":{"BUgG6IYBi1o58TEhEb8DYyJv8cGd66gUd/gnYbzbl0lu":{"chainKey":{"counter":2,"key":"WDBmjqhhm9eeg3ga0qpBiTDFCDv8qJ2KcooLSgo73us="},"chainType":1,"messageKeys":{}}},"pendingPreKey":{"signedKeyId":0,"baseKey":"BaTkHknArFyw/xIhLCKjCuqLjMP+43MqQzty5f7HCnAh","preKeyId":3276241}},"BQ+43QfOmK+Rhwy6sFa1ZYa8FvCg2t0Ze+fUnCAqK6tv":{"registrationId":697629702,"currentRatchet":{"ephemeralKeyPair":{"pubKey":"Bd6ee/Qr/v1mHc7Lwj2FxS7ZLAOYhCh0jHuEYQuH73Bk","privKey":"SOkq4r30rrUUylWDTpEM4fKh2b/5+wxnJMOdXlozj2c="},"lastRemoteEphemeralKey":"BUpWgAUQy67SXHb1pFt6ZT6ql8y3Qjc4pW2F39zYBzBL","previousCounter":0,"rootKey":"WT+dGnvRaXsnF3Kv/b3IWCNF2NYLuB77xD/8t2Z9VTc="},"indexInfo":{"baseKey":"BQ+43QfOmK+Rhwy6sFa1ZYa8FvCg2t0Ze+fUnCAqK6tv","baseKeyType":1,"closed":1686141409903,"used":1686141402105,"created":1686141402105,"remoteIdentityKey":"Bflb1uclhEVdis/etkW3Q8bjXk4HCBCdeO78SfObmxMK"},"_chains":{"Bd6ee/Qr/v1mHc7Lwj2FxS7ZLAOYhCh0jHuEYQuH73Bk":{"chainKey":{"counter":1,"key":"OU4V6k3rQvumYp2orfwtwtV08Qt6WwESWdB5cTxtA7E="},"chainType":1,"messageKeys":{}}},"pendingPreKey":{"signedKeyId":0,"baseKey":"BQ+43QfOmK+Rhwy6sFa1ZYa8FvCg2t0Ze+fUnCAqK6tv","preKeyId":3276198}},"Bc88IShbacijexRzYm+SFeGycvcGVAizQOkOvyH91kEm":{"registrationId":697629702,"currentRatchet":{"ephemeralKeyPair":{"pubKey":"BWlekRrTko75UsNE/woBawuWczw5CsieZc3CusZZXF0L","privKey":"aATbQsULsfKxDwLwDXq/QjdzZ4ZI1cTOT/aC6BzH4X4="},"lastRemoteEphemeralKey":"BUpWgAUQy67SXHb1pFt6ZT6ql8y3Qjc4pW2F39zYBzBL","previousCounter":0,"rootKey":"lNzvJ4B+/W21v/pcfeXA90ozDrp5BhMQedtXrAo/Ddo="},"indexInfo":{"baseKey":"Bc88IShbacijexRzYm+SFeGycvcGVAizQOkOvyH91kEm","baseKeyType":1,"closed":1686141413187,"used":1686141409899,"created":1686141409899,"remoteIdentityKey":"Bflb1uclhEVdis/etkW3Q8bjXk4HCBCdeO78SfObmxMK"},"_chains":{"BWlekRrTko75UsNE/woBawuWczw5CsieZc3CusZZXF0L":{"chainKey":{"counter":0,"key":"9gBcCqT2D9Q69B1VFRmulpis4mTj0wajVxF5lkT/g5g="},"chainType":1,"messageKeys":{}}},"pendingPreKey":{"signedKeyId":0,"baseKey":"Bc88IShbacijexRzYm+SFeGycvcGVAizQOkOvyH91kEm","preKeyId":3276208}},"BVz26QoplQrhneOEbA5R/oILTSVS6naYZDJRekR9EtAG":{"registrationId":697629702,"currentRatchet":{"ephemeralKeyPair":{"pubKey":"BRKDMHv6YE/acV3IVsvOgb7KNF82+TbyeILw1gTfHZ1O","privKey":"0HMo+DkA5Ru2Oqj6Gg3fM642V8MZ+rvYIaIb+J4SpUM="},"lastRemoteEphemeralKey":"BUpWgAUQy67SXHb1pFt6ZT6ql8y3Qjc4pW2F39zYBzBL","previousCounter":0,"rootKey":"c/JpGnbp3G4IHZ6ItnGI7zVdmEAGrGmhG/1R2IOMFzA="},"indexInfo":{"baseKey":"BVz26QoplQrhneOEbA5R/oILTSVS6naYZDJRekR9EtAG","baseKeyType":1,"closed":1686141421100,"used":1686141413180,"created":1686141413180,"remoteIdentityKey":"Bflb1uclhEVdis/etkW3Q8bjXk4HCBCdeO78SfObmxMK"},"_chains":{"BRKDMHv6YE/acV3IVsvOgb7KNF82+TbyeILw1gTfHZ1O":{"chainKey":{"counter":1,"key":"QcaVQ0cADqqnd2gE1IDoyRD04DNiQnJl4K+OFzisgMU="},"chainType":1,"messageKeys":{}}},"pendingPreKey":{"signedKeyId":0,"baseKey":"BVz26QoplQrhneOEbA5R/oILTSVS6naYZDJRekR9EtAG","preKeyId":3276239}},"BXQtvm5Cdk5eL3VbHDQ+IvqLO/Z4/0vJZ7uGeF2tkmVd":{"registrationId":697629702,"currentRatchet":{"ephemeralKeyPair":{"pubKey":"BT6MAzKiZNVXOABPq99Gh5KN8SjkTPorM6SUBJ9bIjw+","privKey":"MBXOBBxNNudKyNjAFnVTiJ34/V3v911vQvhC3yzb4Us="},"lastRemoteEphemeralKey":"BUpWgAUQy67SXHb1pFt6ZT6ql8y3Qjc4pW2F39zYBzBL","previousCounter":0,"rootKey":"VtDA737lSsltl9FfMJlM3K83topER4xHNTnMPf+7Ue8="},"indexInfo":{"baseKey":"BXQtvm5Cdk5eL3VbHDQ+IvqLO/Z4/0vJZ7uGeF2tkmVd","baseKeyType":1,"closed":1686141444305,"used":1686141421084,"created":1686141421084,"remoteIdentityKey":"Bflb1uclhEVdis/etkW3Q8bjXk4HCBCdeO78SfObmxMK"},"_chains":{"BT6MAzKiZNVXOABPq99Gh5KN8SjkTPorM6SUBJ9bIjw+":{"chainKey":{"counter":1,"key":"Rrotnthrl/+4XrUlETlm8VrTlP0nG+eY3xUpNbnbsIM="},"chainType":1,"messageKeys":{}}},"pendingPreKey":{"signedKeyId":0,"baseKey":"BXQtvm5Cdk5eL3VbHDQ+IvqLO/Z4/0vJZ7uGeF2tkmVd","preKeyId":3276269}},"BToZZTDF9IVvWmUAldeepc20io4cEToBvo+TJPdYN6h1":{"registrationId":697629702,"currentRatchet":{"ephemeralKeyPair":{"pubKey":"BcrN9GS34yA64gL1uFnZOnIWkJOEwXPDAJsu+s0gSbB8","privKey":"UBdPFhXtwc+TlFUfSo77HL76qOTwkO+IUTK1mLA3m3E="},"lastRemoteEphemeralKey":"BUpWgAUQy67SXHb1pFt6ZT6ql8y3Qjc4pW2F39zYBzBL","previousCounter":0,"rootKey":"wF5YCxYJ09+Q9/OJTu5HOPMRDHlTeBirGwjDi3SuIQ8="},"indexInfo":{"baseKey":"BToZZTDF9IVvWmUAldeepc20io4cEToBvo+TJPdYN6h1","baseKeyType":1,"closed":1686141456463,"used":1686141444276,"created":1686141444276,"remoteIdentityKey":"Bflb1uclhEVdis/etkW3Q8bjXk4HCBCdeO78SfObmxMK"},"_chains":{"BcrN9GS34yA64gL1uFnZOnIWkJOEwXPDAJsu+s0gSbB8":{"chainKey":{"counter":1,"key":"XBsLhS9ff98/NVVtbffcrjdeBkgl8dKUl8DAjI+BMNs="},"chainType":1,"messageKeys":{}}},"pendingPreKey":{"signedKeyId":0,"baseKey":"BToZZTDF9IVvWmUAldeepc20io4cEToBvo+TJPdYN6h1","preKeyId":3276024}},"BY5AQIBgCG4p/dMprjJ65Q5LpHmwcTdFhBEH9o4xn/AU":{"registrationId":697629702,"currentRatchet":{"ephemeralKeyPair":{"pubKey":"BQd/G0ZOE8ASUliJSntj8AMEWOAXoZcB3xMn5+6n7lhr","privKey":"8J/GQgZ59o8jSWBum2lLHHGuP99q8NHyGdZokWoxwXI="},"lastRemoteEphemeralKey":"BUpWgAUQy67SXHb1pFt6ZT6ql8y3Qjc4pW2F39zYBzBL","previousCounter":0,"rootKey":"eoSmPReDwbQoMaA3LiiRUlwk7BIvYRW+h1GQ5Liy1IM="},"indexInfo":{"baseKey":"BY5AQIBgCG4p/dMprjJ65Q5LpHmwcTdFhBEH9o4xn/AU","baseKeyType":1,"closed":1686141460751,"used":1686141456435,"created":1686141456435,"remoteIdentityKey":"Bflb1uclhEVdis/etkW3Q8bjXk4HCBCdeO78SfObmxMK"},"_chains":{"BQd/G0ZOE8ASUliJSntj8AMEWOAXoZcB3xMn5+6n7lhr":{"chainKey":{"counter":0,"key":"PUFqEytcFdwwb1FjTqISAfpNzlAQYLPf3AAQTGoty/o="},"chainType":1,"messageKeys":{}}},"pendingPreKey":{"signedKeyId":0,"baseKey":"BY5AQIBgCG4p/dMprjJ65Q5LpHmwcTdFhBEH9o4xn/AU","preKeyId":3276232}},"BQVHkXSifuLTBTajHPYmbIDWH8YIpAGESyDZyo9DHJdc":{"registrationId":697629702,"currentRatchet":{"ephemeralKeyPair":{"pubKey":"BWD5ggdUfOJ0Avk5AUD8XPQ7319LYNLO3gmOA6AjHqta","privKey":"uIkRVkguKIgANgemtLHie3RY+pBmMB/Us1I+SjxF43Q="},"lastRemoteEphemeralKey":"BUpWgAUQy67SXHb1pFt6ZT6ql8y3Qjc4pW2F39zYBzBL","previousCounter":0,"rootKey":"AmVHWkXKIcDvG77psvkAi8buzEqm4AJnswIizhANH2c="},"indexInfo":{"baseKey":"BQVHkXSifuLTBTajHPYmbIDWH8YIpAGESyDZyo9DHJdc","baseKeyType":1,"closed":1686141465326,"used":1686141460736,"created":1686141460736,"remoteIdentityKey":"Bflb1uclhEVdis/etkW3Q8bjXk4HCBCdeO78SfObmxMK"},"_chains":{"BWD5ggdUfOJ0Avk5AUD8XPQ7319LYNLO3gmOA6AjHqta":{"chainKey":{"counter":0,"key":"4Q7rGMO3Fhowi5R5qVQeIiNdLfVz6bECch9Rebhrh54="},"chainType":1,"messageKeys":{}}},"pendingPreKey":{"signedKeyId":0,"baseKey":"BQVHkXSifuLTBTajHPYmbIDWH8YIpAGESyDZyo9DHJdc","preKeyId":3276614}},"BWaUq7iBfvcyd/3cJypeDWSeQ/Jg6xdeEOY7S3MVPX14":{"registrationId":697629702,"currentRatchet":{"ephemeralKeyPair":{"pubKey":"BYZcXoSNm+j5a1ZAOZOeJ8Hta9nle8w/DCJjHw+7GH1r","privKey":"2Ib+a4J/eGfaQa59D6AOEdz9Drk1eIh1MgEYRRl/62s="},"lastRemoteEphemeralKey":"BUpWgAUQy67SXHb1pFt6ZT6ql8y3Qjc4pW2F39zYBzBL","previousCounter":0,"rootKey":"pPIbS07IV8+bcpcnsTD5KQryO83UXXswjH4wuGFo6M8="},"indexInfo":{"baseKey":"BWaUq7iBfvcyd/3cJypeDWSeQ/Jg6xdeEOY7S3MVPX14","baseKeyType":1,"closed":1686141469555,"used":1686141465297,"created":1686141465297,"remoteIdentityKey":"Bflb1uclhEVdis/etkW3Q8bjXk4HCBCdeO78SfObmxMK"},"_chains":{"BYZcXoSNm+j5a1ZAOZOeJ8Hta9nle8w/DCJjHw+7GH1r":{"chainKey":{"counter":0,"key":"+ec+cH48wDHLegla1je5vTkSGqEJBlh3bJMKLgW+J1s="},"chainType":1,"messageKeys":{}}},"pendingPreKey":{"signedKeyId":0,"baseKey":"BWaUq7iBfvcyd/3cJypeDWSeQ/Jg6xdeEOY7S3MVPX14","preKeyId":3277394}},"BQK5e6jzvd+/4m6LBaZtxhMj/BKCRIERwMWuyy6VjakB":{"registrationId":697629702,"currentRatchet":{"ephemeralKeyPair":{"pubKey":"BbsGNqOAlj/Y43S3fjYopMzqgjlhQcFdMv2x6NUKKPQw","privKey":"6KnECoeh6VV3CoHTzP/YbdekwdfoR3fIen2UGMiq4mc="},"lastRemoteEphemeralKey":"BUpWgAUQy67SXHb1pFt6ZT6ql8y3Qjc4pW2F39zYBzBL","previousCounter":0,"rootKey":"ygv04jPX4aGX2r1Re0qUmJM8IecUIZaYs5vnuMsM2EU="},"indexInfo":{"baseKey":"BQK5e6jzvd+/4m6LBaZtxhMj/BKCRIERwMWuyy6VjakB","baseKeyType":1,"closed":1686141549158,"used":1686141469520,"created":1686141469520,"remoteIdentityKey":"Bflb1uclhEVdis/etkW3Q8bjXk4HCBCdeO78SfObmxMK"},"_chains":{"BbsGNqOAlj/Y43S3fjYopMzqgjlhQcFdMv2x6NUKKPQw":{"chainKey":{"counter":6,"key":"ZHp9gAq5xk8tbFmuD5IZg43DCSzHvahtEQkkCkOS+BI="},"chainType":1,"messageKeys":{}}},"pendingPreKey":{"signedKeyId":0,"baseKey":"BQK5e6jzvd+/4m6LBaZtxhMj/BKCRIERwMWuyy6VjakB","preKeyId":3276683}},"BVx5c2Q1sZDV/d4fLcGenFsZQgOXFp2D9MRJ4T+6MvFP":{"registrationId":697629702,"currentRatchet":{"ephemeralKeyPair":{"pubKey":"BUD36AdTb2Q53wzmbLhx6+BlnSFsH2W5Wiq8q7VlXQw8","privKey":"WHxGK7e//oTy3bgVZ2iM/93x/bZZlhGJbhmlOW0e7k8="},"lastRemoteEphemeralKey":"BUpWgAUQy67SXHb1pFt6ZT6ql8y3Qjc4pW2F39zYBzBL","previousCounter":0,"rootKey":"meNWCLHeQnzQRQxwgiqW1wrzEK3/PrcE9Ki085adgh4="},"indexInfo":{"baseKey":"BVx5c2Q1sZDV/d4fLcGenFsZQgOXFp2D9MRJ4T+6MvFP","baseKeyType":1,"closed":1686141569705,"used":1686141548957,"created":1686141548957,"remoteIdentityKey":"Bflb1uclhEVdis/etkW3Q8bjXk4HCBCdeO78SfObmxMK"},"_chains":{"BUD36AdTb2Q53wzmbLhx6+BlnSFsH2W5Wiq8q7VlXQw8":{"chainKey":{"counter":2,"key":"W0M500QLsvwud+o6KndFP6u5oUpEvpZPclf/EDgO/C8="},"chainType":1,"messageKeys":{}}},"pendingPreKey":{"signedKeyId":0,"baseKey":"BVx5c2Q1sZDV/d4fLcGenFsZQgOXFp2D9MRJ4T+6MvFP","preKeyId":3277362}},"BYCM1cmpykHZpaw+yYJM7yXbJ4gR0WYN1f2wFDs7qVlh":{"registrationId":697629702,"currentRatchet":{"ephemeralKeyPair":{"pubKey":"BdEEHVbq9VOTdsV+AtIXahUod5gxIwi9Nz8hejt4MOoc","privKey":"oCyt/rQPIj1dwZ4BfmGIK5Ngs5xfLi+CQbpqKE8fIkg="},"lastRemoteEphemeralKey":"BUpWgAUQy67SXHb1pFt6ZT6ql8y3Qjc4pW2F39zYBzBL","previousCounter":0,"rootKey":"tXnoTOVcPaqLU2abYVmaJZ88r6C6EKeehTjx24wQDcI="},"indexInfo":{"baseKey":"BYCM1cmpykHZpaw+yYJM7yXbJ4gR0WYN1f2wFDs7qVlh","baseKeyType":1,"closed":1686141596168,"used":1686141569681,"created":1686141569681,"remoteIdentityKey":"Bflb1uclhEVdis/etkW3Q8bjXk4HCBCdeO78SfObmxMK"},"_chains":{"BdEEHVbq9VOTdsV+AtIXahUod5gxIwi9Nz8hejt4MOoc":{"chainKey":{"counter":5,"key":"iV85g4j3t3ZoQ1Qcq+thTB41lPxgmbgH4/frz2zB9Ts="},"chainType":1,"messageKeys":{}}},"pendingPreKey":{"signedKeyId":0,"baseKey":"BYCM1cmpykHZpaw+yYJM7yXbJ4gR0WYN1f2wFDs7qVlh","preKeyId":3277402}},"BcXDFxvHFzQt9BSU3HrwKtSNMHyOmTY0eHmiBke6BZAo":{"registrationId":697629702,"currentRatchet":{"ephemeralKeyPair":{"pubKey":"BbqRtyxcGRJnXpTRAeCpokDkaCVUEKNsYGC6S/sMExsj","privKey":"0Hot+dJwdBOTi+9T+58tC/Lt22EvElM5xzjSuhVT73w="},"lastRemoteEphemeralKey":"BUpWgAUQy67SXHb1pFt6ZT6ql8y3Qjc4pW2F39zYBzBL","previousCounter":0,"rootKey":"+/yUHjePckV/EvZIJa54tm27N0+x6cC0IZ6nswMltvk="},"indexInfo":{"baseKey":"BcXDFxvHFzQt9BSU3HrwKtSNMHyOmTY0eHmiBke6BZAo","baseKeyType":1,"closed":1686141616276,"used":1686141596163,"created":1686141596163,"remoteIdentityKey":"Bflb1uclhEVdis/etkW3Q8bjXk4HCBCdeO78SfObmxMK"},"_chains":{"BbqRtyxcGRJnXpTRAeCpokDkaCVUEKNsYGC6S/sMExsj":{"chainKey":{"counter":4,"key":"XXZqO3hA5T2er41itxbZilRro54heK8yCTJgvBZw1zI="},"chainType":1,"messageKeys":{}}},"pendingPreKey":{"signedKeyId":0,"baseKey":"BcXDFxvHFzQt9BSU3HrwKtSNMHyOmTY0eHmiBke6BZAo","preKeyId":3276650}},"BWulH3JhzYN/4/9+7t3IhIshhhOAV71HGrtZUNyejN4l":{"registrationId":697629702,"currentRatchet":{"ephemeralKeyPair":{"pubKey":"BanwLCW5PF6w1by1SIiKSPUpArHHTK6hNAKdd8C+IPsb","privKey":"oFctL/9eGqn/971qsuJM58/IYYqrV8KvtZ1O0018S2M="},"lastRemoteEphemeralKey":"BUpWgAUQy67SXHb1pFt6ZT6ql8y3Qjc4pW2F39zYBzBL","previousCounter":0,"rootKey":"3iQMNkJsaC66Kwc470eGAupc42Dvavy9G9utt0oIJs0="},"indexInfo":{"baseKey":"BWulH3JhzYN/4/9+7t3IhIshhhOAV71HGrtZUNyejN4l","baseKeyType":1,"closed":1686141633297,"used":1686141616261,"created":1686141616261,"remoteIdentityKey":"Bflb1uclhEVdis/etkW3Q8bjXk4HCBCdeO78SfObmxMK"},"_chains":{"BanwLCW5PF6w1by1SIiKSPUpArHHTK6hNAKdd8C+IPsb":{"chainKey":{"counter":4,"key":"mZsEVdl+kaXdLaf40JjcLsCcBd8my2zL8ELweOYzupA="},"chainType":1,"messageKeys":{}}},"pendingPreKey":{"signedKeyId":0,"baseKey":"BWulH3JhzYN/4/9+7t3IhIshhhOAV71HGrtZUNyejN4l","preKeyId":3276677}},"BZL/wtDyqTMKeP9vrNbpyzmDCPba1pPGIhY5kKBJwnVq":{"registrationId":697629702,"currentRatchet":{"ephemeralKeyPair":{"pubKey":"BfetBN+BKry1j+SUlgPRQn5nUonj7e0jnqp+tsxJvJg6","privKey":"sDQY3ZuX00kaUX2fOVTZ/SRhTTyZuPi9lTm1fkRJbk4="},"lastRemoteEphemeralKey":"BUpWgAUQy67SXHb1pFt6ZT6ql8y3Qjc4pW2F39zYBzBL","previousCounter":0,"rootKey":"bmbbg9TUwTpuCd/5SCDEB1sHQNWJBPXsTfg9rbgBeTw="},"indexInfo":{"baseKey":"BZL/wtDyqTMKeP9vrNbpyzmDCPba1pPGIhY5kKBJwnVq","baseKeyType":1,"closed":-1,"used":1686141633293,"created":1686141633293,"remoteIdentityKey":"Bflb1uclhEVdis/etkW3Q8bjXk4HCBCdeO78SfObmxMK"},"_chains":{"BfetBN+BKry1j+SUlgPRQn5nUonj7e0jnqp+tsxJvJg6":{"chainKey":{"counter":10,"key":"2pPh3gvh9ozB9pXmVsYC5/xFR0bQ2Lc1WRnaMMDxCRI="},"chainType":1,"messageKeys":{}}},"pendingPreKey":{"signedKeyId":0,"baseKey":"BZL/wtDyqTMKeP9vrNbpyzmDCPba1pPGIhY5kKBJwnVq","preKeyId":3276673}}},"version":"v1"}