{"_sessions":{"Bf1wqW19MHmTzglWd4eIv7/oy/vVOOOf1Wn/Z3W5jCFM":{"registrationId":1789565658,"currentRatchet":{"ephemeralKeyPair":{"pubKey":"BWmuN4UG6Iy6YLGWdfDxdJWQDDk8bMnoOG/cx8sHUr4+","privKey":"4F38ULaCgzVsnltJ8pYPMHB+sBwqNVC352oVW3Sc3k4="},"lastRemoteEphemeralKey":"BRsUDBfXfT1ujluhxkrGedN8aVU1C/rFJRtyXGGhN1Zl","previousCounter":0,"rootKey":"KyfZFZSkKKGHW3BcTKs+3aZiaQc9z31LdxKTf9Rf37M="},"indexInfo":{"baseKey":"Bf1wqW19MHmTzglWd4eIv7/oy/vVOOOf1Wn/Z3W5jCFM","baseKeyType":1,"closed":1686143192366,"used":1686143191618,"created":1686143191618,"remoteIdentityKey":"BV+XEob8JaqJbrEV0ifCTN1qzDsmSL6T61g9dSuhxCoi"},"_chains":{"BWmuN4UG6Iy6YLGWdfDxdJWQDDk8bMnoOG/cx8sHUr4+":{"chainKey":{"counter":-1,"key":"3bY6ets1Udrf60N4BT6xY+PRp3PNX6AcJmISJC65N98="},"chainType":1,"messageKeys":{}}},"pendingPreKey":{"signedKeyId":0,"baseKey":"Bf1wqW19MHmTzglWd4eIv7/oy/vVOOOf1Wn/Z3W5jCFM","preKeyId":9994244}},"BZyOJyYAkOe+ccuLT0e5n90X91fcCX0qGFmzHh5A2rp6":{"registrationId":1789565658,"currentRatchet":{"ephemeralKeyPair":{"pubKey":"Bblj2GFM9Fgq2HbUYBEDDlcAlRoiKdQzkzSu12xWF9cL","privKey":"SBwH9Nw5Rs4tqLz600SzXMLxt1Ur9zwdtaYnGBISdlo="},"lastRemoteEphemeralKey":"BRsUDBfXfT1ujluhxkrGedN8aVU1C/rFJRtyXGGhN1Zl","previousCounter":0,"rootKey":"CzFLOjrfq88n2V4q3yd4qOzBbvOvI8+JqmmR/3iQr+g="},"indexInfo":{"baseKey":"BZyOJyYAkOe+ccuLT0e5n90X91fcCX0qGFmzHh5A2rp6","baseKeyType":1,"closed":1686143193351,"used":1686143192338,"created":1686143192338,"remoteIdentityKey":"BV+XEob8JaqJbrEV0ifCTN1qzDsmSL6T61g9dSuhxCoi"},"_chains":{"Bblj2GFM9Fgq2HbUYBEDDlcAlRoiKdQzkzSu12xWF9cL":{"chainKey":{"counter":-1,"key":"wG9nOHy9YEIeMSppYy+iv/J3TPiwPeuL2Ax1sw9X1E0="},"chainType":1,"messageKeys":{}}},"pendingPreKey":{"signedKeyId":0,"baseKey":"BZyOJyYAkOe+ccuLT0e5n90X91fcCX0qGFmzHh5A2rp6","preKeyId":9993706}},"BcUS0EQXiXj1V/3j6HNWeY5amtaQ3cgNZ3MHvnMt/tgf":{"registrationId":1789565658,"currentRatchet":{"ephemeralKeyPair":{"pubKey":"BdgN8pSghS2Vey9nzF2zfBxugVttg5MedRd2TeXnPdst","privKey":"2EK2qWDPnPKPg2docDvv9NAejuxhJ1G79kgdXtAN9Gw="},"lastRemoteEphemeralKey":"BRsUDBfXfT1ujluhxkrGedN8aVU1C/rFJRtyXGGhN1Zl","previousCounter":0,"rootKey":"WzqeLFLdJq6t5dcV0T+0hHeQwCB5IkKS98lP9GaVOmE="},"indexInfo":{"baseKey":"BcUS0EQXiXj1V/3j6HNWeY5amtaQ3cgNZ3MHvnMt/tgf","baseKeyType":1,"closed":1686143262955,"used":1686143193306,"created":1686143193306,"remoteIdentityKey":"BV+XEob8JaqJbrEV0ifCTN1qzDsmSL6T61g9dSuhxCoi"},"_chains":{"BdgN8pSghS2Vey9nzF2zfBxugVttg5MedRd2TeXnPdst":{"chainKey":{"counter":-1,"key":"NnwGWXE5isR+bGaE/Sy2vEYPUjcfJmNYcEqQQgo1iYc="},"chainType":1,"messageKeys":{}}},"pendingPreKey":{"signedKeyId":0,"baseKey":"BcUS0EQXiXj1V/3j6HNWeY5amtaQ3cgNZ3MHvnMt/tgf","preKeyId":9993646}},"BTbuR0+9IDPFN9v642PHsY1jSfK8Flym2NwyG1fS9wwN":{"registrationId":1789565658,"currentRatchet":{"ephemeralKeyPair":{"pubKey":"BdejvYIlU1H4szC8AdzoI7sSwgVxeo58r/ccY0XM7u0d","privKey":"qG6LacDPxmU8ojFXnAodAfCMWL/exD8/AIkawvxsBVY="},"lastRemoteEphemeralKey":"BRsUDBfXfT1ujluhxkrGedN8aVU1C/rFJRtyXGGhN1Zl","previousCounter":0,"rootKey":"uRdmgT/8EOQI2BS/QgqGoFfIoNy5Eu8+v5BAfCLUGMk="},"indexInfo":{"baseKey":"BTbuR0+9IDPFN9v642PHsY1jSfK8Flym2NwyG1fS9wwN","baseKeyType":1,"closed":1686143263859,"used":1686143262914,"created":1686143262914,"remoteIdentityKey":"BV+XEob8JaqJbrEV0ifCTN1qzDsmSL6T61g9dSuhxCoi"},"_chains":{"BdejvYIlU1H4szC8AdzoI7sSwgVxeo58r/ccY0XM7u0d":{"chainKey":{"counter":-1,"key":"a/PMsogWd2sotEHsXoJt3CznODOgDBFeQOHLO/GqVkw="},"chainType":1,"messageKeys":{}}},"pendingPreKey":{"signedKeyId":0,"baseKey":"BTbuR0+9IDPFN9v642PHsY1jSfK8Flym2NwyG1fS9wwN","preKeyId":9993679}},"Bf2h6/5jgbg2m7xjKn9HeEcd+zQXEd5RUD2klQyYNw5D":{"registrationId":1789565658,"currentRatchet":{"ephemeralKeyPair":{"pubKey":"BUu2NhZsBnPMFG+KQFpebylLK/emkaW2citQaqZWWjlg","privKey":"SGgwfpQBvwUDREpRnLB75mfH54nojrMYoYGhd3/pEF8="},"lastRemoteEphemeralKey":"BRsUDBfXfT1ujluhxkrGedN8aVU1C/rFJRtyXGGhN1Zl","previousCounter":0,"rootKey":"Q1dMlvF2B4zH90t+WDwIlEo3aEbF8lq7PbjPYDgcGHY="},"indexInfo":{"baseKey":"Bf2h6/5jgbg2m7xjKn9HeEcd+zQXEd5RUD2klQyYNw5D","baseKeyType":1,"closed":1686143264575,"used":1686143263843,"created":1686143263843,"remoteIdentityKey":"BV+XEob8JaqJbrEV0ifCTN1qzDsmSL6T61g9dSuhxCoi"},"_chains":{"BUu2NhZsBnPMFG+KQFpebylLK/emkaW2citQaqZWWjlg":{"chainKey":{"counter":-1,"key":"hbU66MVKyRUyEcGL3Sr4hWtRF5gjVsZLM+QTfeQUNxI="},"chainType":1,"messageKeys":{}}},"pendingPreKey":{"signedKeyId":0,"baseKey":"Bf2h6/5jgbg2m7xjKn9HeEcd+zQXEd5RUD2klQyYNw5D","preKeyId":9994257}},"Bf1YkOrcVWhM38IX7uOqjxngVN5VINpf5Iy76jzmz1Ew":{"registrationId":1789565658,"currentRatchet":{"ephemeralKeyPair":{"pubKey":"BUlVI1KnkcYgbVRidpl2diExyfPhdiGQceBmFu+gDgR3","privKey":"qLG6GHCeAml//B6hMknlZc3X0hvqy3ikfcQOaTYA/Ws="},"lastRemoteEphemeralKey":"BRsUDBfXfT1ujluhxkrGedN8aVU1C/rFJRtyXGGhN1Zl","previousCounter":0,"rootKey":"0wqto2cDsr+zuODI10Hse+cg3XgTANJH//4LNSjhLjs="},"indexInfo":{"baseKey":"Bf1YkOrcVWhM38IX7uOqjxngVN5VINpf5Iy76jzmz1Ew","baseKeyType":1,"closed":1686143265222,"used":1686143264552,"created":1686143264552,"remoteIdentityKey":"BV+XEob8JaqJbrEV0ifCTN1qzDsmSL6T61g9dSuhxCoi"},"_chains":{"BUlVI1KnkcYgbVRidpl2diExyfPhdiGQceBmFu+gDgR3":{"chainKey":{"counter":-1,"key":"MZ0WR52hra8siQO0PmvDe4f1aIMHOp6KL59ryKOw3NA="},"chainType":1,"messageKeys":{}}},"pendingPreKey":{"signedKeyId":0,"baseKey":"Bf1YkOrcVWhM38IX7uOqjxngVN5VINpf5Iy76jzmz1Ew","preKeyId":9993590}},"Bad3mHTIy2wIH4E7NKbgELwHKcgvbh5t2NH7gDyMkb9K":{"registrationId":1789565658,"currentRatchet":{"ephemeralKeyPair":{"pubKey":"BTjQGy+sOLkq2bA6J4o9z/FLO0/GBfYRVS7GOkTVoW0I","privKey":"+DKnmE/TCrV/skS5LZRfffRX1OE/87uxIZtgdN8UIFs="},"lastRemoteEphemeralKey":"BRsUDBfXfT1ujluhxkrGedN8aVU1C/rFJRtyXGGhN1Zl","previousCounter":0,"rootKey":"e3aBQutzxYDPTjdDq8EgewZWmKaGQ49yi7L3zeKiXKY="},"indexInfo":{"baseKey":"Bad3mHTIy2wIH4E7NKbgELwHKcgvbh5t2NH7gDyMkb9K","baseKeyType":1,"closed":1686143332188,"used":1686143265197,"created":1686143265197,"remoteIdentityKey":"BV+XEob8JaqJbrEV0ifCTN1qzDsmSL6T61g9dSuhxCoi"},"_chains":{"BTjQGy+sOLkq2bA6J4o9z/FLO0/GBfYRVS7GOkTVoW0I":{"chainKey":{"counter":-1,"key":"jEzMK/kN4kh39eSFZe+gUXeAu5AQqjDzUtdFJBfHnPQ="},"chainType":1,"messageKeys":{}}},"pendingPreKey":{"signedKeyId":0,"baseKey":"Bad3mHTIy2wIH4E7NKbgELwHKcgvbh5t2NH7gDyMkb9K","preKeyId":9993761}},"BTJTsHGQqrQR48yEdjSM+S6XyTkHtUBSoeF7e9FAaDgY":{"registrationId":1789565658,"currentRatchet":{"ephemeralKeyPair":{"pubKey":"BaI8tEbwffQeXerM3vCb6ofN8Ez3UaYar/Bx376+pKl7","privKey":"uAvawlCbFwVT6r+Oigrhkqi8WhKvUqwuKNKrpLrAG3Q="},"lastRemoteEphemeralKey":"BRsUDBfXfT1ujluhxkrGedN8aVU1C/rFJRtyXGGhN1Zl","previousCounter":0,"rootKey":"uQYLs/cUCYDU7FodqPsJYg+soJcc79kkP30C7feUwVQ="},"indexInfo":{"baseKey":"BTJTsHGQqrQR48yEdjSM+S6XyTkHtUBSoeF7e9FAaDgY","baseKeyType":1,"closed":1686143332798,"used":1686143332174,"created":1686143332174,"remoteIdentityKey":"BV+XEob8JaqJbrEV0ifCTN1qzDsmSL6T61g9dSuhxCoi"},"_chains":{"BaI8tEbwffQeXerM3vCb6ofN8Ez3UaYar/Bx376+pKl7":{"chainKey":{"counter":-1,"key":"3R9oDQTsLZzffFr1i9Vcu9D9viA2lPFVsecsVUyJuhA="},"chainType":1,"messageKeys":{}}},"pendingPreKey":{"signedKeyId":0,"baseKey":"BTJTsHGQqrQR48yEdjSM+S6XyTkHtUBSoeF7e9FAaDgY","preKeyId":9994213}},"BbOhaXUbfC89nhv7H+5XGts2nROn7Xxu3bAfrOOZInhH":{"registrationId":1789565658,"currentRatchet":{"ephemeralKeyPair":{"pubKey":"BQ4qDD0XjrlG4aLAQzdLNwGHTwOIqCxBUhxNOE69EHgt","privKey":"WDsVVZetK72PTvtZqFam9OZIFWvSuNp49rTbXNWGI3Q="},"lastRemoteEphemeralKey":"BRsUDBfXfT1ujluhxkrGedN8aVU1C/rFJRtyXGGhN1Zl","previousCounter":0,"rootKey":"dtUoIlQLOMeo6NDDmSSpecJq12Lw8YZYmCpiN6aEcmM="},"indexInfo":{"baseKey":"BbOhaXUbfC89nhv7H+5XGts2nROn7Xxu3bAfrOOZInhH","baseKeyType":1,"closed":1686143385949,"used":1686143332786,"created":1686143332786,"remoteIdentityKey":"BV+XEob8JaqJbrEV0ifCTN1qzDsmSL6T61g9dSuhxCoi"},"_chains":{"BQ4qDD0XjrlG4aLAQzdLNwGHTwOIqCxBUhxNOE69EHgt":{"chainKey":{"counter":-1,"key":"O2hXzuFuADj7Ixup/Hm/yQMPTwtSVdAGmO9dBJatKBw="},"chainType":1,"messageKeys":{}}},"pendingPreKey":{"signedKeyId":0,"baseKey":"BbOhaXUbfC89nhv7H+5XGts2nROn7Xxu3bAfrOOZInhH","preKeyId":9994289}},"BYDb/00WPwX1q/u5pH0bfjrXY2HdewO5DXKRzjM077hH":{"registrationId":1789565658,"currentRatchet":{"ephemeralKeyPair":{"pubKey":"BTQEbROOzNiuZQnWVdtYguoycRcabCeuvzRU6MMzCkV/","privKey":"iJyDNZUfsbRffenj72h36P1SoQIUemklqKFx72lLwGg="},"lastRemoteEphemeralKey":"BRsUDBfXfT1ujluhxkrGedN8aVU1C/rFJRtyXGGhN1Zl","previousCounter":0,"rootKey":"1FWbieGK8bEuv3bQllYc4tW4EqxS02iyuaSVIeDXSjE="},"indexInfo":{"baseKey":"BYDb/00WPwX1q/u5pH0bfjrXY2HdewO5DXKRzjM077hH","baseKeyType":1,"closed":1686143443424,"used":1686143385900,"created":1686143385900,"remoteIdentityKey":"BV+XEob8JaqJbrEV0ifCTN1qzDsmSL6T61g9dSuhxCoi"},"_chains":{"BTQEbROOzNiuZQnWVdtYguoycRcabCeuvzRU6MMzCkV/":{"chainKey":{"counter":-1,"key":"uhL+4BEyq8S2IvhvkH63kTHfvFXvDWftDcmLfbe1drc="},"chainType":1,"messageKeys":{}}},"pendingPreKey":{"signedKeyId":0,"baseKey":"BYDb/00WPwX1q/u5pH0bfjrXY2HdewO5DXKRzjM077hH","preKeyId":9993762}},"BRscjKpEPZJHyIkmbGveXdN1cl3hhNEMkkH8iNUweCl9":{"registrationId":1789565658,"currentRatchet":{"ephemeralKeyPair":{"pubKey":"BTN64Z59EdkPgY+CoFI9RreMA9wtu+odyhyWt17JJ017","privKey":"yOv5EIDQp7w2x5WFF0bNXhZW1Ex/gHz3k3dvlblTBEs="},"lastRemoteEphemeralKey":"BRsUDBfXfT1ujluhxkrGedN8aVU1C/rFJRtyXGGhN1Zl","previousCounter":0,"rootKey":"6E/dlHOPAknvrquRhbRCOtsS7tKksxmUftWS+JVnQtw="},"indexInfo":{"baseKey":"BRscjKpEPZJHyIkmbGveXdN1cl3hhNEMkkH8iNUweCl9","baseKeyType":1,"closed":1686143454844,"used":1686143443412,"created":1686143443412,"remoteIdentityKey":"BV+XEob8JaqJbrEV0ifCTN1qzDsmSL6T61g9dSuhxCoi"},"_chains":{"BTN64Z59EdkPgY+CoFI9RreMA9wtu+odyhyWt17JJ017":{"chainKey":{"counter":-1,"key":"faGPfWtqKgDV9luBdyqohGvfIULqsGdm+ya/otZ6EHw="},"chainType":1,"messageKeys":{}}},"pendingPreKey":{"signedKeyId":0,"baseKey":"BRscjKpEPZJHyIkmbGveXdN1cl3hhNEMkkH8iNUweCl9","preKeyId":9994285}},"BdhVELNhbYmdjAOgWh5+rMUAzRO2prkxJyMUqDr0AjQO":{"registrationId":1789565658,"currentRatchet":{"ephemeralKeyPair":{"pubKey":"BTfDkIdCpwcP6zr1gunCXbQV9cV9/FxcOLMUTUe5MlkT","privKey":"IALJbfo6SH0Fw1a54M4hrSNPsphyh6E2waqVhcgIVHo="},"lastRemoteEphemeralKey":"BRsUDBfXfT1ujluhxkrGedN8aVU1C/rFJRtyXGGhN1Zl","previousCounter":0,"rootKey":"7fooxLBZkmS3SO/wu15vt+zWhg3CEgAdv1ljrBpdWQc="},"indexInfo":{"baseKey":"BdhVELNhbYmdjAOgWh5+rMUAzRO2prkxJyMUqDr0AjQO","baseKeyType":1,"closed":1686143460868,"used":1686143454829,"created":1686143454829,"remoteIdentityKey":"BV+XEob8JaqJbrEV0ifCTN1qzDsmSL6T61g9dSuhxCoi"},"_chains":{"BTfDkIdCpwcP6zr1gunCXbQV9cV9/FxcOLMUTUe5MlkT":{"chainKey":{"counter":-1,"key":"98C89gtmtWbDD2Va0dnwMpHRNPAukUHxmkJTdi+al1I="},"chainType":1,"messageKeys":{}}},"pendingPreKey":{"signedKeyId":0,"baseKey":"BdhVELNhbYmdjAOgWh5+rMUAzRO2prkxJyMUqDr0AjQO","preKeyId":9993664}},"BaF8GZiu7+d3qN9Z/uH8dDQJ7YFX9Np2xYuo3Zl8+HZl":{"registrationId":1789565658,"currentRatchet":{"ephemeralKeyPair":{"pubKey":"BXAPMLz994MN/A/A1jf8qs0m5kmJjGLWRr4AV39J6s93","privKey":"cOestCY9NSgLpNadDSLZPksUITeX8/71KjoqXl18glI="},"lastRemoteEphemeralKey":"BRsUDBfXfT1ujluhxkrGedN8aVU1C/rFJRtyXGGhN1Zl","previousCounter":0,"rootKey":"Tsx8w4nFE4QxV7gG1nc/yyU3CY0tJUrWOPYBHgLHU7M="},"indexInfo":{"baseKey":"BaF8GZiu7+d3qN9Z/uH8dDQJ7YFX9Np2xYuo3Zl8+HZl","baseKeyType":1,"closed":1686143475887,"used":1686143460863,"created":1686143460863,"remoteIdentityKey":"BV+XEob8JaqJbrEV0ifCTN1qzDsmSL6T61g9dSuhxCoi"},"_chains":{"BXAPMLz994MN/A/A1jf8qs0m5kmJjGLWRr4AV39J6s93":{"chainKey":{"counter":-1,"key":"p82FY5UZDBGCTspQcmoqMUvCItcwSKrMUFGf0O7aEVg="},"chainType":1,"messageKeys":{}}},"pendingPreKey":{"signedKeyId":0,"baseKey":"BaF8GZiu7+d3qN9Z/uH8dDQJ7YFX9Np2xYuo3Zl8+HZl","preKeyId":9994258}},"BcAsIBhCl48THp+K7xIqgEKOI2Ak3XqkFYw3zBIrSKtd":{"registrationId":1789565658,"currentRatchet":{"ephemeralKeyPair":{"pubKey":"BYb2BdEAJnNP7et3DqfgAkn2gSgNNpyctI1+dvAtsFBp","privKey":"SLXf+q/vTD5LB0MRVFuvQ9RMIaHH5/b3PElEkThiGEA="},"lastRemoteEphemeralKey":"BRsUDBfXfT1ujluhxkrGedN8aVU1C/rFJRtyXGGhN1Zl","previousCounter":0,"rootKey":"qgr6DiFn17pxS5jUcyHj2qL825xg90hYRcsSakWsyqE="},"indexInfo":{"baseKey":"BcAsIBhCl48THp+K7xIqgEKOI2Ak3XqkFYw3zBIrSKtd","baseKeyType":1,"closed":1686143476510,"used":1686143475871,"created":1686143475871,"remoteIdentityKey":"BV+XEob8JaqJbrEV0ifCTN1qzDsmSL6T61g9dSuhxCoi"},"_chains":{"BYb2BdEAJnNP7et3DqfgAkn2gSgNNpyctI1+dvAtsFBp":{"chainKey":{"counter":-1,"key":"EMeT1LGvnQJyXUWiotwb7MEJ1FyR5uYsyiFrPl7ZB5U="},"chainType":1,"messageKeys":{}}},"pendingPreKey":{"signedKeyId":0,"baseKey":"BcAsIBhCl48THp+K7xIqgEKOI2Ak3XqkFYw3zBIrSKtd","preKeyId":9993722}},"BbqW179GqZb/x3zqUrlbStjbUCLRShvv2a5hAk1hMixG":{"registrationId":1789565658,"currentRatchet":{"ephemeralKeyPair":{"pubKey":"BeQusIDpRGA/3qvUf4V1maFLhmNOeKFGox/w7eImoppU","privKey":"wDhcPcurcSDUMHzmvjIz/9U6kq649wrZcHxd0YI7yWg="},"lastRemoteEphemeralKey":"BRsUDBfXfT1ujluhxkrGedN8aVU1C/rFJRtyXGGhN1Zl","previousCounter":0,"rootKey":"R10Wg9pseRgaYSMLLNTeKA6baQyEU6ISfX2QSWob0YU="},"indexInfo":{"baseKey":"BbqW179GqZb/x3zqUrlbStjbUCLRShvv2a5hAk1hMixG","baseKeyType":1,"closed":1686143477117,"used":1686143476498,"created":1686143476498,"remoteIdentityKey":"BV+XEob8JaqJbrEV0ifCTN1qzDsmSL6T61g9dSuhxCoi"},"_chains":{"BeQusIDpRGA/3qvUf4V1maFLhmNOeKFGox/w7eImoppU":{"chainKey":{"counter":-1,"key":"FoK53j+1s2PdGsY4AF4N4Lxl+cdc26GprXIsjjLadpY="},"chainType":1,"messageKeys":{}}},"pendingPreKey":{"signedKeyId":0,"baseKey":"BbqW179GqZb/x3zqUrlbStjbUCLRShvv2a5hAk1hMixG","preKeyId":9993751}},"BZzccABltlb3rQOfYVDqdSRx/iYhbQKaAMip/nYU8A1p":{"registrationId":1789565658,"currentRatchet":{"ephemeralKeyPair":{"pubKey":"BVRKuk+MzH85u408mPCCdSF0cJWvPOVHMtqQaUTG2x0w","privKey":"UJQmF7GE9bjAiVgejkjxb5CRGSpMv/t+rnDsgtonBFo="},"lastRemoteEphemeralKey":"BRsUDBfXfT1ujluhxkrGedN8aVU1C/rFJRtyXGGhN1Zl","previousCounter":0,"rootKey":"J4qkG46OztxfMtNfK655U4tPle64XYNQjtZUl1iM32Q="},"indexInfo":{"baseKey":"BZzccABltlb3rQOfYVDqdSRx/iYhbQKaAMip/nYU8A1p","baseKeyType":1,"closed":1686143477741,"used":1686143477112,"created":1686143477112,"remoteIdentityKey":"BV+XEob8JaqJbrEV0ifCTN1qzDsmSL6T61g9dSuhxCoi"},"_chains":{"BVRKuk+MzH85u408mPCCdSF0cJWvPOVHMtqQaUTG2x0w":{"chainKey":{"counter":-1,"key":"hgUTrpHRzUsgak+tJKaKpbTa4KJFaL7kXpKr0V5VKXw="},"chainType":1,"messageKeys":{}}},"pendingPreKey":{"signedKeyId":0,"baseKey":"BZzccABltlb3rQOfYVDqdSRx/iYhbQKaAMip/nYU8A1p","preKeyId":9994354}},"BcOnm+Ma5jFZ27b5zdSoeu2SN6sBXMFp5BsjH2Kt+OQV":{"registrationId":1789565658,"currentRatchet":{"ephemeralKeyPair":{"pubKey":"BR8zFhFvZVMbgo/kt08JM1SFPnKug4UbFTQl1K/zDsY4","privKey":"EIoLv9ENvY/uXuKdnYQDYkL9IVM76H2ITiGYVxDYTFU="},"lastRemoteEphemeralKey":"BRsUDBfXfT1ujluhxkrGedN8aVU1C/rFJRtyXGGhN1Zl","previousCounter":0,"rootKey":"kEHs9vJP5HA6RsM4+MljqpbBkQt//xRfVPY3TMhGkhg="},"indexInfo":{"baseKey":"BcOnm+Ma5jFZ27b5zdSoeu2SN6sBXMFp5BsjH2Kt+OQV","baseKeyType":1,"closed":1686143481641,"used":1686143477723,"created":1686143477723,"remoteIdentityKey":"BV+XEob8JaqJbrEV0ifCTN1qzDsmSL6T61g9dSuhxCoi"},"_chains":{"BR8zFhFvZVMbgo/kt08JM1SFPnKug4UbFTQl1K/zDsY4":{"chainKey":{"counter":-1,"key":"2RaHRfCiaLiUj0cUY13j2aIjOecOV7PViUUpGyR6Um4="},"chainType":1,"messageKeys":{}}},"pendingPreKey":{"signedKeyId":0,"baseKey":"BcOnm+Ma5jFZ27b5zdSoeu2SN6sBXMFp5BsjH2Kt+OQV","preKeyId":9993624}},"BTx3LoXL8ktcfkB+xHeokX/OFOdtYg2lZlDElUihTtBa":{"registrationId":1789565658,"currentRatchet":{"ephemeralKeyPair":{"pubKey":"BWefAsKixc4iERxe+/dFbqIkqbLFw5bpz1Yg7bme0UU0","privKey":"kBqCIeKNHLYi1YaU+9ZA43T+s96zfTrXMBqUw12T0Gs="},"lastRemoteEphemeralKey":"BRsUDBfXfT1ujluhxkrGedN8aVU1C/rFJRtyXGGhN1Zl","previousCounter":0,"rootKey":"LmGKeLjP9NdKrVf1a2NsMkh3JJq4rVNnkHr5TmR31j4="},"indexInfo":{"baseKey":"BTx3LoXL8ktcfkB+xHeokX/OFOdtYg2lZlDElUihTtBa","baseKeyType":1,"closed":1686143482291,"used":1686143481619,"created":1686143481619,"remoteIdentityKey":"BV+XEob8JaqJbrEV0ifCTN1qzDsmSL6T61g9dSuhxCoi"},"_chains":{"BWefAsKixc4iERxe+/dFbqIkqbLFw5bpz1Yg7bme0UU0":{"chainKey":{"counter":-1,"key":"XGoSPSdsibkFtQroSuuq5llNyXSL2ZgOjQPexOCCYl0="},"chainType":1,"messageKeys":{}}},"pendingPreKey":{"signedKeyId":0,"baseKey":"BTx3LoXL8ktcfkB+xHeokX/OFOdtYg2lZlDElUihTtBa","preKeyId":9994238}},"BUwaiqIVwaFLr0e//CCQkrxJBDSvfMppjczgraF6HdIu":{"registrationId":1789565658,"currentRatchet":{"ephemeralKeyPair":{"pubKey":"BepWHtOD94FvPpYoZVEBJcK5mhnH8CpYLfd6HRyvBzB4","privKey":"0F3SiWyFlPW5w52aBXbxOTQwPsmn2iqvUkDCBnXptmc="},"lastRemoteEphemeralKey":"BRsUDBfXfT1ujluhxkrGedN8aVU1C/rFJRtyXGGhN1Zl","previousCounter":0,"rootKey":"SuysPbaTQSVQbwrAmauEd+xOq90gNCSpqgp4b6P2l+I="},"indexInfo":{"baseKey":"BUwaiqIVwaFLr0e//CCQkrxJBDSvfMppjczgraF6HdIu","baseKeyType":1,"closed":1686143482892,"used":1686143482276,"created":1686143482276,"remoteIdentityKey":"BV+XEob8JaqJbrEV0ifCTN1qzDsmSL6T61g9dSuhxCoi"},"_chains":{"BepWHtOD94FvPpYoZVEBJcK5mhnH8CpYLfd6HRyvBzB4":{"chainKey":{"counter":-1,"key":"7aFh3rZnj8SRz0ChHs62emnGKxzRLXf98XQV0YtXq/o="},"chainType":1,"messageKeys":{}}},"pendingPreKey":{"signedKeyId":0,"baseKey":"BUwaiqIVwaFLr0e//CCQkrxJBDSvfMppjczgraF6HdIu","preKeyId":9993758}},"BeZhe/Z1M5WA+M2+ujMOpL8kVc+QKQ0IbWN2GqGmBRZY":{"registrationId":1789565658,"currentRatchet":{"ephemeralKeyPair":{"pubKey":"Ba6MW6Fmhcglm1T1kWKBZ9IUjIEdB4ptV+481bH4qV93","privKey":"QJCRbPbglsUslkjCxGmLZJfgdBNLvvmZZ8b4S1bDiGw="},"lastRemoteEphemeralKey":"BRsUDBfXfT1ujluhxkrGedN8aVU1C/rFJRtyXGGhN1Zl","previousCounter":0,"rootKey":"bGW8kGuTV/ue7pr5UZT0Imq+pvvYFMGCDwP9h5CoO58="},"indexInfo":{"baseKey":"BeZhe/Z1M5WA+M2+ujMOpL8kVc+QKQ0IbWN2GqGmBRZY","baseKeyType":1,"closed":1686143621127,"used":1686143482884,"created":1686143482884,"remoteIdentityKey":"BV+XEob8JaqJbrEV0ifCTN1qzDsmSL6T61g9dSuhxCoi"},"_chains":{"Ba6MW6Fmhcglm1T1kWKBZ9IUjIEdB4ptV+481bH4qV93":{"chainKey":{"counter":-1,"key":"lFBFrj+/MoKMZojs13cAzrJcLSWv4J6D2WgfVpWXbtA="},"chainType":1,"messageKeys":{}}},"pendingPreKey":{"signedKeyId":0,"baseKey":"BeZhe/Z1M5WA+M2+ujMOpL8kVc+QKQ0IbWN2GqGmBRZY","preKeyId":9994309}},"BZ4QsWC3vqQ1qqFIiV7cUMKy9TGFINczuCZuHZnac1J0":{"registrationId":1789565658,"currentRatchet":{"ephemeralKeyPair":{"pubKey":"BUvnZXfJn5kp9OaQ/s6mI01eBNWNjwk6Xozw7/L+RIYA","privKey":"QDUy3xhdbqFCWg8EFTdTCXN0H0Ipmcjfcit436Boc0E="},"lastRemoteEphemeralKey":"BRsUDBfXfT1ujluhxkrGedN8aVU1C/rFJRtyXGGhN1Zl","previousCounter":0,"rootKey":"SG07tx+C8ofWwN/D02CCsYUgvZm7uXhX31hLtpdA6iQ="},"indexInfo":{"baseKey":"BZ4QsWC3vqQ1qqFIiV7cUMKy9TGFINczuCZuHZnac1J0","baseKeyType":1,"closed":1686147500368,"used":1686143621060,"created":1686143621060,"remoteIdentityKey":"BV+XEob8JaqJbrEV0ifCTN1qzDsmSL6T61g9dSuhxCoi"},"_chains":{"BUvnZXfJn5kp9OaQ/s6mI01eBNWNjwk6Xozw7/L+RIYA":{"chainKey":{"counter":-1,"key":"V2Z0HMG5HSUlaeahEMHJ2IFkIjboMRA23wGAQHLdBM0="},"chainType":1,"messageKeys":{}}},"pendingPreKey":{"signedKeyId":0,"baseKey":"BZ4QsWC3vqQ1qqFIiV7cUMKy9TGFINczuCZuHZnac1J0","preKeyId":9993634}},"BWQ8gEt/dEfi4whIe8nTXu6u8dP+XvknLZipxkPCU+du":{"registrationId":1789565658,"currentRatchet":{"ephemeralKeyPair":{"pubKey":"BR9aJv38nUOptfAN/+FIok8BXX6YzAdtprFzfXkMe8gt","privKey":"6FjZR0YbX9zSDsEvApRJoVzUQ3g1eUuj1PIQ7yjcR0I="},"lastRemoteEphemeralKey":"BRsUDBfXfT1ujluhxkrGedN8aVU1C/rFJRtyXGGhN1Zl","previousCounter":0,"rootKey":"NIV+otOkORmWBJq1IQMYhJ45kpfDUF3OWkh7+2/voxA="},"indexInfo":{"baseKey":"BWQ8gEt/dEfi4whIe8nTXu6u8dP+XvknLZipxkPCU+du","baseKeyType":1,"closed":1686147509727,"used":1686147500363,"created":1686147500363,"remoteIdentityKey":"BV+XEob8JaqJbrEV0ifCTN1qzDsmSL6T61g9dSuhxCoi"},"_chains":{"BR9aJv38nUOptfAN/+FIok8BXX6YzAdtprFzfXkMe8gt":{"chainKey":{"counter":-1,"key":"MaHo4ZbsO+l7xGiSu7dmhW/FMyyG7oEEBG90uMrche4="},"chainType":1,"messageKeys":{}}},"pendingPreKey":{"signedKeyId":0,"baseKey":"BWQ8gEt/dEfi4whIe8nTXu6u8dP+XvknLZipxkPCU+du","preKeyId":9994269}},"BSrzZolj8UfJq/PfyxmcUAtFLv4TcYpWggYHhH717xte":{"registrationId":1789565658,"currentRatchet":{"ephemeralKeyPair":{"pubKey":"BYpiIV+a21hx67sKC/KHXus92o/skv5kqdqQZwf3Les4","privKey":"kDClYzQ1nS4Zn2AhePIaUo/7vOvszgPq0GtJBD92m0M="},"lastRemoteEphemeralKey":"BRsUDBfXfT1ujluhxkrGedN8aVU1C/rFJRtyXGGhN1Zl","previousCounter":0,"rootKey":"xn+0TjmB3uJQ5DmGE1HxJLf3TBmI8eHXGamM6BP/hB4="},"indexInfo":{"baseKey":"BSrzZolj8UfJq/PfyxmcUAtFLv4TcYpWggYHhH717xte","baseKeyType":1,"closed":1686147510275,"used":1686147509723,"created":1686147509723,"remoteIdentityKey":"BV+XEob8JaqJbrEV0ifCTN1qzDsmSL6T61g9dSuhxCoi"},"_chains":{"BYpiIV+a21hx67sKC/KHXus92o/skv5kqdqQZwf3Les4":{"chainKey":{"counter":-1,"key":"XWftTx2GIz09cTqAeE8YaV3U8z0KmjztX5L8HrUMB0U="},"chainType":1,"messageKeys":{}}},"pendingPreKey":{"signedKeyId":0,"baseKey":"BSrzZolj8UfJq/PfyxmcUAtFLv4TcYpWggYHhH717xte","preKeyId":9993790}},"Bb4rNCYskFcGRx8yabjexQnec9lq0RUyq0HtLjyFcCgu":{"registrationId":1789565658,"currentRatchet":{"ephemeralKeyPair":{"pubKey":"BSOubmeUNZ+thbC0Y8wkX5zKBmFWgLxyyGwSW6RA9llz","privKey":"iJitqIEfgtf4Mngs9yARSEBqC3gm25qG8Y++PjmkUn8="},"lastRemoteEphemeralKey":"BRsUDBfXfT1ujluhxkrGedN8aVU1C/rFJRtyXGGhN1Zl","previousCounter":0,"rootKey":"Agg9UDdRrAIV79hvG5FjSK4m3nPNcoPnMBQqHHtgTGo="},"indexInfo":{"baseKey":"Bb4rNCYskFcGRx8yabjexQnec9lq0RUyq0HtLjyFcCgu","baseKeyType":1,"closed":1686147510814,"used":1686147510269,"created":1686147510269,"remoteIdentityKey":"BV+XEob8JaqJbrEV0ifCTN1qzDsmSL6T61g9dSuhxCoi"},"_chains":{"BSOubmeUNZ+thbC0Y8wkX5zKBmFWgLxyyGwSW6RA9llz":{"chainKey":{"counter":-1,"key":"rkcPzWwkKoSLP0IjmBiTKObtq2RDOH5mFpRv3pLadzw="},"chainType":1,"messageKeys":{}}},"pendingPreKey":{"signedKeyId":0,"baseKey":"Bb4rNCYskFcGRx8yabjexQnec9lq0RUyq0HtLjyFcCgu","preKeyId":9993703}},"BTDrLJLkMmH66LQFRJAEzxTqMYZfZjcI4WzAB/6cdsUp":{"registrationId":1789565658,"currentRatchet":{"ephemeralKeyPair":{"pubKey":"BXEQ1N77s0laVSjsMoUfWmvefTmV0LHaNJfZ6pqnH8Zi","privKey":"kHjFN1yjPVTeaqWA/hu1bsYlklQ3SRjU5CxJdRjYVUw="},"lastRemoteEphemeralKey":"BRsUDBfXfT1ujluhxkrGedN8aVU1C/rFJRtyXGGhN1Zl","previousCounter":0,"rootKey":"AWMWiCeGGwSxDyo6gN4UGEITu6p2s8lmuTth/N8LrWs="},"indexInfo":{"baseKey":"BTDrLJLkMmH66LQFRJAEzxTqMYZfZjcI4WzAB/6cdsUp","baseKeyType":1,"closed":1686147511414,"used":1686147510811,"created":1686147510811,"remoteIdentityKey":"BV+XEob8JaqJbrEV0ifCTN1qzDsmSL6T61g9dSuhxCoi"},"_chains":{"BXEQ1N77s0laVSjsMoUfWmvefTmV0LHaNJfZ6pqnH8Zi":{"chainKey":{"counter":-1,"key":"ScwZVnhhpMjMqTxeIFi9YDEH+8EcriUAu8VcGwEIAbA="},"chainType":1,"messageKeys":{}}},"pendingPreKey":{"signedKeyId":0,"baseKey":"BTDrLJLkMmH66LQFRJAEzxTqMYZfZjcI4WzAB/6cdsUp","preKeyId":9994222}},"BSvl1xW5iwu+EJ8qESSzEuz7XEsIywYx78gdfP0qTlM9":{"registrationId":1789565658,"currentRatchet":{"ephemeralKeyPair":{"pubKey":"BbAjbQbICFqB3Ok5zMFBPt3lhMeJmfPTEQwmZuycrvha","privKey":"0K8BeImSgGcyXIhCQcSRC1//pTVHSgU1kw8AkzCSf0c="},"lastRemoteEphemeralKey":"BRsUDBfXfT1ujluhxkrGedN8aVU1C/rFJRtyXGGhN1Zl","previousCounter":0,"rootKey":"rVRnq+XxAElNPB9VI+3DlEb8tWbHJ3diVsT4t5lHc3s="},"indexInfo":{"baseKey":"BSvl1xW5iwu+EJ8qESSzEuz7XEsIywYx78gdfP0qTlM9","baseKeyType":1,"closed":1686147512019,"used":1686147511383,"created":1686147511383,"remoteIdentityKey":"BV+XEob8JaqJbrEV0ifCTN1qzDsmSL6T61g9dSuhxCoi"},"_chains":{"BbAjbQbICFqB3Ok5zMFBPt3lhMeJmfPTEQwmZuycrvha":{"chainKey":{"counter":-1,"key":"ta3Cd6ZQRvYsi4mxuhxJY9ZxrpafV96/Cr9lnkK1+0g="},"chainType":1,"messageKeys":{}}},"pendingPreKey":{"signedKeyId":0,"baseKey":"BSvl1xW5iwu+EJ8qESSzEuz7XEsIywYx78gdfP0qTlM9","preKeyId":9994210}},"BYGbo3DcKWz7kH/YKv1QXdGY/2FNPJHdzOmQi0QDK1I9":{"registrationId":1789565658,"currentRatchet":{"ephemeralKeyPair":{"pubKey":"Bbhdja344ZecSD1YTjapDLuZl3ioilZkLhrKJFslz11F","privKey":"uMQb9jUnh8/wezGAVrvuk5i95sw3tY8OZy0bckEdXmo="},"lastRemoteEphemeralKey":"BRsUDBfXfT1ujluhxkrGedN8aVU1C/rFJRtyXGGhN1Zl","previousCounter":0,"rootKey":"ktpAWNyNEIIqPnNWMcF9zVA4AyGAOPnTQa8K/dXsCO4="},"indexInfo":{"baseKey":"BYGbo3DcKWz7kH/YKv1QXdGY/2FNPJHdzOmQi0QDK1I9","baseKeyType":1,"closed":1686147512606,"used":1686147512006,"created":1686147512006,"remoteIdentityKey":"BV+XEob8JaqJbrEV0ifCTN1qzDsmSL6T61g9dSuhxCoi"},"_chains":{"Bbhdja344ZecSD1YTjapDLuZl3ioilZkLhrKJFslz11F":{"chainKey":{"counter":-1,"key":"R2EHWJMgslof195x8fQhEO8FYsPlBiZJUOD4pa+XbqI="},"chainType":1,"messageKeys":{}}},"pendingPreKey":{"signedKeyId":0,"baseKey":"BYGbo3DcKWz7kH/YKv1QXdGY/2FNPJHdzOmQi0QDK1I9","preKeyId":9993769}},"BZ0PWJFUPax7aiJKp9krGf/TgcvCfpgQsZHB95+IbK9D":{"registrationId":1789565658,"currentRatchet":{"ephemeralKeyPair":{"pubKey":"BYEaDR6hxttB1t9KnFO6kWXPr47zMQeLOkSfzvVOGogQ","privKey":"ANDgsAJVCpIuaSxMWBL0Q9xYqe/UVX0DVrerSPwJ7lw="},"lastRemoteEphemeralKey":"BRsUDBfXfT1ujluhxkrGedN8aVU1C/rFJRtyXGGhN1Zl","previousCounter":0,"rootKey":"oQ6SYnbYB8CfHJWYjEdWae0BrwMMmyWM0BtELHsnE10="},"indexInfo":{"baseKey":"BZ0PWJFUPax7aiJKp9krGf/TgcvCfpgQsZHB95+IbK9D","baseKeyType":1,"closed":1686147513207,"used":1686147512589,"created":1686147512589,"remoteIdentityKey":"BV+XEob8JaqJbrEV0ifCTN1qzDsmSL6T61g9dSuhxCoi"},"_chains":{"BYEaDR6hxttB1t9KnFO6kWXPr47zMQeLOkSfzvVOGogQ":{"chainKey":{"counter":-1,"key":"uFZ0aOdvobSt+ZDGvglqb3C21Bhh0AZQcjh5+/gnk7A="},"chainType":1,"messageKeys":{}}},"pendingPreKey":{"signedKeyId":0,"baseKey":"BZ0PWJFUPax7aiJKp9krGf/TgcvCfpgQsZHB95+IbK9D","preKeyId":9993774}},"BTJiEo59e5rDYRoe6+lHl3p5Kwzae5mhLk9O+l008Qtz":{"registrationId":1789565658,"currentRatchet":{"ephemeralKeyPair":{"pubKey":"BTRZKtj5sD+HupPf5qeth6irDGE+NBwKyAcGd7ktUBEs","privKey":"QAvhehOwQ+q5HQPmmVzLFdCzEdzemJ7mXtEMnLQQb0M="},"lastRemoteEphemeralKey":"BRsUDBfXfT1ujluhxkrGedN8aVU1C/rFJRtyXGGhN1Zl","previousCounter":0,"rootKey":"7wQ0yvndi1sDZlx2yhyeGIXpfRmlr+LotUCy/3n7bo0="},"indexInfo":{"baseKey":"BTJiEo59e5rDYRoe6+lHl3p5Kwzae5mhLk9O+l008Qtz","baseKeyType":1,"closed":1686147513788,"used":1686147513168,"created":1686147513168,"remoteIdentityKey":"BV+XEob8JaqJbrEV0ifCTN1qzDsmSL6T61g9dSuhxCoi"},"_chains":{"BTRZKtj5sD+HupPf5qeth6irDGE+NBwKyAcGd7ktUBEs":{"chainKey":{"counter":-1,"key":"BKiaPop1Dju4lOh7e9Q78k/FM3Waw/XghC4Ia1fkP9M="},"chainType":1,"messageKeys":{}}},"pendingPreKey":{"signedKeyId":0,"baseKey":"BTJiEo59e5rDYRoe6+lHl3p5Kwzae5mhLk9O+l008Qtz","preKeyId":9993778}},"BV/WxS7SnN0IFeCQ9DDljHfUsQTu6ONJ99zgBt3Bo1IZ":{"registrationId":1789565658,"currentRatchet":{"ephemeralKeyPair":{"pubKey":"BWU2lsyJtXZK5siwzxzOtKKCOU8hv8pME8aVldcrV5hq","privKey":"gBllohuupUP0jB9freRb3vlvQID92Q5N0ZGk4hgJflk="},"lastRemoteEphemeralKey":"BRsUDBfXfT1ujluhxkrGedN8aVU1C/rFJRtyXGGhN1Zl","previousCounter":0,"rootKey":"O13adqvHINkKFcfCzxNRGIih9dy8tMedk3bVmaVuo2Q="},"indexInfo":{"baseKey":"BV/WxS7SnN0IFeCQ9DDljHfUsQTu6ONJ99zgBt3Bo1IZ","baseKeyType":1,"closed":1686147514344,"used":1686147513767,"created":1686147513767,"remoteIdentityKey":"BV+XEob8JaqJbrEV0ifCTN1qzDsmSL6T61g9dSuhxCoi"},"_chains":{"BWU2lsyJtXZK5siwzxzOtKKCOU8hv8pME8aVldcrV5hq":{"chainKey":{"counter":-1,"key":"YhSN6kBbJdBpDxM9S3oq6YFqs3x8vcInNhwzq4ATAaQ="},"chainType":1,"messageKeys":{}}},"pendingPreKey":{"signedKeyId":0,"baseKey":"BV/WxS7SnN0IFeCQ9DDljHfUsQTu6ONJ99zgBt3Bo1IZ","preKeyId":9994250}},"BWZje5DhS8tSDDtdhfVM2rxmUB97RkkUpfzv4o534NtC":{"registrationId":1789565658,"currentRatchet":{"ephemeralKeyPair":{"pubKey":"BRbYi6KZjMat1LmIve2MN1nILP1Phtn3q1QCC091jHZl","privKey":"IP8kb4otJv7MHQGV9WSrAo9IWJQmUzyEDPUr+Cg59VU="},"lastRemoteEphemeralKey":"BRsUDBfXfT1ujluhxkrGedN8aVU1C/rFJRtyXGGhN1Zl","previousCounter":0,"rootKey":"WWJvRXIQEhRxzX6bzCVayfHR617wBzgZhSrPxuN6hmE="},"indexInfo":{"baseKey":"BWZje5DhS8tSDDtdhfVM2rxmUB97RkkUpfzv4o534NtC","baseKeyType":1,"closed":1686147514872,"used":1686147514329,"created":1686147514329,"remoteIdentityKey":"BV+XEob8JaqJbrEV0ifCTN1qzDsmSL6T61g9dSuhxCoi"},"_chains":{"BRbYi6KZjMat1LmIve2MN1nILP1Phtn3q1QCC091jHZl":{"chainKey":{"counter":-1,"key":"a1JObmgLEUSZlPl1zK6zr18+qLD4s0ELwdcRmQU0y58="},"chainType":1,"messageKeys":{}}},"pendingPreKey":{"signedKeyId":0,"baseKey":"BWZje5DhS8tSDDtdhfVM2rxmUB97RkkUpfzv4o534NtC","preKeyId":9993805}},"BeMVIanMS0ltcNB4xGELHB4Z14TiQG3XOtW0LImMTnhQ":{"registrationId":1789565658,"currentRatchet":{"ephemeralKeyPair":{"pubKey":"BYzBsMq7ie1zyXDH6m7NBYBI5Ou38De6s8q2ufTbNMQJ","privKey":"oMTS2KdZG9bK6l4FX+RONz//l+c3adGGbMzwcj36gVo="},"lastRemoteEphemeralKey":"BRsUDBfXfT1ujluhxkrGedN8aVU1C/rFJRtyXGGhN1Zl","previousCounter":0,"rootKey":"eyX0dukCcHuyO4OrZ/n3dkLzXZnB0S1Oev94I2l4VbI="},"indexInfo":{"baseKey":"BeMVIanMS0ltcNB4xGELHB4Z14TiQG3XOtW0LImMTnhQ","baseKeyType":1,"closed":1686147515413,"used":1686147514869,"created":1686147514869,"remoteIdentityKey":"BV+XEob8JaqJbrEV0ifCTN1qzDsmSL6T61g9dSuhxCoi"},"_chains":{"BYzBsMq7ie1zyXDH6m7NBYBI5Ou38De6s8q2ufTbNMQJ":{"chainKey":{"counter":-1,"key":"iq2UoYK4Gr0qt9t8sJp/UIuQz09lw+ucaJJmUH9GUlo="},"chainType":1,"messageKeys":{}}},"pendingPreKey":{"signedKeyId":0,"baseKey":"BeMVIanMS0ltcNB4xGELHB4Z14TiQG3XOtW0LImMTnhQ","preKeyId":9993775}},"BQYJiLCNpfxIvgEV6LY1xSZ7FYGUVFpzrEj72YK56442":{"registrationId":1789565658,"currentRatchet":{"ephemeralKeyPair":{"pubKey":"BZi65AvZjgD+I8oWulaqRmuu/gjjFjmMCyqEgh21xX1g","privKey":"0JhGo0zJqfjfov/Ebc070ed7DCwWroxwZwqov6uralo="},"lastRemoteEphemeralKey":"BRsUDBfXfT1ujluhxkrGedN8aVU1C/rFJRtyXGGhN1Zl","previousCounter":0,"rootKey":"EbNX+OqpCLgTEaHy6KgrClFzbXVJEHVTVfPZXk0TvvA="},"indexInfo":{"baseKey":"BQYJiLCNpfxIvgEV6LY1xSZ7FYGUVFpzrEj72YK56442","baseKeyType":1,"closed":1686147516021,"used":1686147515404,"created":1686147515404,"remoteIdentityKey":"BV+XEob8JaqJbrEV0ifCTN1qzDsmSL6T61g9dSuhxCoi"},"_chains":{"BZi65AvZjgD+I8oWulaqRmuu/gjjFjmMCyqEgh21xX1g":{"chainKey":{"counter":-1,"key":"Z14H8ksQKj2Ko2p8HOD7Xyo58P3cxOkz1GJoPnTQkwc="},"chainType":1,"messageKeys":{}}},"pendingPreKey":{"signedKeyId":0,"baseKey":"BQYJiLCNpfxIvgEV6LY1xSZ7FYGUVFpzrEj72YK56442","preKeyId":9994204}},"BftcbwpfmXXp/Hz2IyPS+TJc8If9rYPJuylknyWPGBUE":{"registrationId":1789565658,"currentRatchet":{"ephemeralKeyPair":{"pubKey":"BepEaR25Z9AdmBlSAeop71xNyWbgz7+vZ0VMWD3Blt4w","privKey":"8AU5sTzmupP6ELCO4JvYlV1auWnscQhlfLsv6DIIbEo="},"lastRemoteEphemeralKey":"BRsUDBfXfT1ujluhxkrGedN8aVU1C/rFJRtyXGGhN1Zl","previousCounter":0,"rootKey":"gnbwOfgSQmXqC+Q2Hnb5ddagFBp8SOBch2UDEpInkkw="},"indexInfo":{"baseKey":"BftcbwpfmXXp/Hz2IyPS+TJc8If9rYPJuylknyWPGBUE","baseKeyType":1,"closed":1686149093517,"used":1686147516008,"created":1686147516008,"remoteIdentityKey":"BV+XEob8JaqJbrEV0ifCTN1qzDsmSL6T61g9dSuhxCoi"},"_chains":{"BepEaR25Z9AdmBlSAeop71xNyWbgz7+vZ0VMWD3Blt4w":{"chainKey":{"counter":-1,"key":"1ISvQVb0UBsGRUrjmwF9YOsFZJ8EP6h/WA2/XMFy4rs="},"chainType":1,"messageKeys":{}}},"pendingPreKey":{"signedKeyId":0,"baseKey":"BftcbwpfmXXp/Hz2IyPS+TJc8If9rYPJuylknyWPGBUE","preKeyId":9993773}},"BV44KbI569I3kcrQF42NfJGnipO3eALC4hVQbheW4bds":{"registrationId":1789565658,"currentRatchet":{"ephemeralKeyPair":{"pubKey":"BR2VyaFpJqrJFvddtVXrojDEcGlujVdYX+gT6dfqIYRu","privKey":"IPBpj6Vvj7yBtju72Bwlr3fdpyTkgMhjQWFEBfdPM04="},"lastRemoteEphemeralKey":"BRsUDBfXfT1ujluhxkrGedN8aVU1C/rFJRtyXGGhN1Zl","previousCounter":0,"rootKey":"APMhGgCqiCvS7hk1D/ZutAHC7EGLsWJw87bMA95wbNM="},"indexInfo":{"baseKey":"BV44KbI569I3kcrQF42NfJGnipO3eALC4hVQbheW4bds","baseKeyType":1,"closed":1686149094856,"used":1686149093369,"created":1686149093369,"remoteIdentityKey":"BV+XEob8JaqJbrEV0ifCTN1qzDsmSL6T61g9dSuhxCoi"},"_chains":{"BR2VyaFpJqrJFvddtVXrojDEcGlujVdYX+gT6dfqIYRu":{"chainKey":{"counter":-1,"key":"kd1/1mTBr3huCCQawMFAZhVyqkZITUw5/9aAORzyU7Q="},"chainType":1,"messageKeys":{}}},"pendingPreKey":{"signedKeyId":0,"baseKey":"BV44KbI569I3kcrQF42NfJGnipO3eALC4hVQbheW4bds","preKeyId":9993793}},"BQDQgyw/hWK4R9domyvvkx/27IMlnY8XJAxHMBZQ97lH":{"registrationId":1789565658,"currentRatchet":{"ephemeralKeyPair":{"pubKey":"BcOxQsxVh9t2Fc5n5qBAOiCuXtL3zbyhJKc1dk14DHN4","privKey":"IBrX2Zjke8eQQiY+ri409sS5X2j0gIb92GOAQ/Dtqk4="},"lastRemoteEphemeralKey":"BRsUDBfXfT1ujluhxkrGedN8aVU1C/rFJRtyXGGhN1Zl","previousCounter":0,"rootKey":"nvpEMn+TRz6EDi5u/Tf90Mbo8xj6S84EzPvXjJVhH08="},"indexInfo":{"baseKey":"BQDQgyw/hWK4R9domyvvkx/27IMlnY8XJAxHMBZQ97lH","baseKeyType":1,"closed":1686150115170,"used":1686149094843,"created":1686149094843,"remoteIdentityKey":"BV+XEob8JaqJbrEV0ifCTN1qzDsmSL6T61g9dSuhxCoi"},"_chains":{"BcOxQsxVh9t2Fc5n5qBAOiCuXtL3zbyhJKc1dk14DHN4":{"chainKey":{"counter":-1,"key":"zSocooXlOXp+xbKBWpjuJvNECLs0EIEnEJ+sbczVr8o="},"chainType":1,"messageKeys":{}}},"pendingPreKey":{"signedKeyId":0,"baseKey":"BQDQgyw/hWK4R9domyvvkx/27IMlnY8XJAxHMBZQ97lH","preKeyId":9993794}},"BZZ3tA5S3UFcUSgjN6SxexbBnmXiLXO6IywwdHobejxA":{"registrationId":1789565658,"currentRatchet":{"ephemeralKeyPair":{"pubKey":"BfLTwspLTagjsrKP8V8G/PRSHGlUwfTv6vdgdfe89Z0z","privKey":"GIeFY+2Ih1zLXlpjIj58m22T/WF1NjxelojPxr1GNkY="},"lastRemoteEphemeralKey":"BRsUDBfXfT1ujluhxkrGedN8aVU1C/rFJRtyXGGhN1Zl","previousCounter":0,"rootKey":"YUrZwEYYb9lHYdtrnXftvOtJsNGdchnQKt9srIlenUQ="},"indexInfo":{"baseKey":"BZZ3tA5S3UFcUSgjN6SxexbBnmXiLXO6IywwdHobejxA","baseKeyType":1,"closed":1686150116197,"used":1686150115164,"created":1686150115164,"remoteIdentityKey":"BV+XEob8JaqJbrEV0ifCTN1qzDsmSL6T61g9dSuhxCoi"},"_chains":{"BfLTwspLTagjsrKP8V8G/PRSHGlUwfTv6vdgdfe89Z0z":{"chainKey":{"counter":-1,"key":"fGyaQaVR/7sojnqpUH1HOd2J3A5XIhQaoM7FeQaGvPY="},"chainType":1,"messageKeys":{}}},"pendingPreKey":{"signedKeyId":0,"baseKey":"BZZ3tA5S3UFcUSgjN6SxexbBnmXiLXO6IywwdHobejxA","preKeyId":9994386}},"Bewv72yzELlq4uInDQqccpjLgRAl4mMNVfXvELQjRq0S":{"registrationId":1789565658,"currentRatchet":{"ephemeralKeyPair":{"pubKey":"BauVdzamYnPslWU8IBVgBS2TE0GyWoHiPxPI9YTiEyNX","privKey":"MHhIxLacMZA25RciRkOnCKJ4GshucEhyFaA5Dn3b6Eo="},"lastRemoteEphemeralKey":"BRsUDBfXfT1ujluhxkrGedN8aVU1C/rFJRtyXGGhN1Zl","previousCounter":0,"rootKey":"uCxmsmHWlTiJNEgBJVz1kIZydUwSYa9BwlqPVbJ24z4="},"indexInfo":{"baseKey":"Bewv72yzELlq4uInDQqccpjLgRAl4mMNVfXvELQjRq0S","baseKeyType":1,"closed":1686150117395,"used":1686150116192,"created":1686150116192,"remoteIdentityKey":"BV+XEob8JaqJbrEV0ifCTN1qzDsmSL6T61g9dSuhxCoi"},"_chains":{"BauVdzamYnPslWU8IBVgBS2TE0GyWoHiPxPI9YTiEyNX":{"chainKey":{"counter":-1,"key":"NaLvYPPeLYYcdYN1X6+dq6o2yZ6nJZsLi7G1bP2dzQc="},"chainType":1,"messageKeys":{}}},"pendingPreKey":{"signedKeyId":0,"baseKey":"Bewv72yzELlq4uInDQqccpjLgRAl4mMNVfXvELQjRq0S","preKeyId":9993788}},"BZGbLseJ/8hYvTA1ubOXqsOeKKJAisnUloJgrvxsd/lz":{"registrationId":1789565658,"currentRatchet":{"ephemeralKeyPair":{"pubKey":"BYrjzVeu5sBJssZ2idN8BtxXlKZ5KV+lSFXhlWX6UGYY","privKey":"aEevdp99k01gB4syyRK0SZ0mibLuFr+0Vd6OPQummEM="},"lastRemoteEphemeralKey":"BRsUDBfXfT1ujluhxkrGedN8aVU1C/rFJRtyXGGhN1Zl","previousCounter":0,"rootKey":"fd045xRFJl2a3Lho0rcSsN9k5PiYJ7JKcDjbkSz96fI="},"indexInfo":{"baseKey":"BZGbLseJ/8hYvTA1ubOXqsOeKKJAisnUloJgrvxsd/lz","baseKeyType":1,"closed":1686197013278,"used":1686150117363,"created":1686150117363,"remoteIdentityKey":"BV+XEob8JaqJbrEV0ifCTN1qzDsmSL6T61g9dSuhxCoi"},"_chains":{"BYrjzVeu5sBJssZ2idN8BtxXlKZ5KV+lSFXhlWX6UGYY":{"chainKey":{"counter":-1,"key":"mYowKszA2uSjUj4M5jE82AG75kiNRrMO/BEVceftKrI="},"chainType":1,"messageKeys":{}}},"pendingPreKey":{"signedKeyId":0,"baseKey":"BZGbLseJ/8hYvTA1ubOXqsOeKKJAisnUloJgrvxsd/lz","preKeyId":9993735}},"BWOM7WCAzYNpwoatwDZ453L9Z2BI4Fot3Iq0BTRb+CVe":{"registrationId":1789565658,"currentRatchet":{"ephemeralKeyPair":{"pubKey":"BVKRZ/cysQQ304+9CaWcBEDOtP6r7pjxcT+/tK434KN4","privKey":"WO78+eAa3dKvFFtBqpdUBS6BKAwZ4loUMKcwV0Fz41s="},"lastRemoteEphemeralKey":"BRsUDBfXfT1ujluhxkrGedN8aVU1C/rFJRtyXGGhN1Zl","previousCounter":0,"rootKey":"kpbQumGvfdj3EdI5pocTSZR6xsDJpuLF3fQfMWDjAQc="},"indexInfo":{"baseKey":"BWOM7WCAzYNpwoatwDZ453L9Z2BI4Fot3Iq0BTRb+CVe","baseKeyType":1,"closed":-1,"used":1686197013193,"created":1686197013193,"remoteIdentityKey":"BV+XEob8JaqJbrEV0ifCTN1qzDsmSL6T61g9dSuhxCoi"},"_chains":{"BVKRZ/cysQQ304+9CaWcBEDOtP6r7pjxcT+/tK434KN4":{"chainKey":{"counter":-1,"key":"rkbRF/XQ96dK3KTUuJbG1zeZOsWSW8DAHol86E5q96U="},"chainType":1,"messageKeys":{}}},"pendingPreKey":{"signedKeyId":0,"baseKey":"BWOM7WCAzYNpwoatwDZ453L9Z2BI4Fot3Iq0BTRb+CVe","preKeyId":9994009}}},"version":"v1"}