{"_sessions":{"BbfwD6R01x6qUZ1LcwKvqfY7ooDdLkYmqDToNxCEt3Eq":{"registrationId":350081480,"currentRatchet":{"ephemeralKeyPair":{"pubKey":"BRku9BEcdib516am76kqxwt6qIx8Kk+T6Aizx0eHf6dC","privKey":"iDZRShOtTZqD2qMINphiBkiDUFpbGQtKOvvw4GMZHEg="},"lastRemoteEphemeralKey":"BY6gy07wIPSd3O3zOp/27SSN6+3K65wFdFXjq0iSzbVD","previousCounter":0,"rootKey":"+cGqP/Ts1Q5gdjri7nRkg4zVOl584Lv143fRXx5MP6M="},"indexInfo":{"baseKey":"BbfwD6R01x6qUZ1LcwKvqfY7ooDdLkYmqDToNxCEt3Eq","baseKeyType":1,"closed":-1,"used":1686138802431,"created":1686138802431,"remoteIdentityKey":"BeBN7Y6em0kkElc40X0O0Uo83ZiZcYaTMQxkboIFIFZZ"},"_chains":{"BRku9BEcdib516am76kqxwt6qIx8Kk+T6Aizx0eHf6dC":{"chainKey":{"counter":263,"key":"uuz6AIQk+mDiPN2VjwJego9m6ZtbJ4EELj7QmRg5rdc="},"chainType":1,"messageKeys":{}}},"pendingPreKey":{"signedKeyId":3,"baseKey":"BbfwD6R01x6qUZ1LcwKvqfY7ooDdLkYmqDToNxCEt3Eq"}}},"version":"v1"}