{"_sessions":{"BTXTyfoxKmhPqwooS9srZRXZ0rpX87/dx6oYNkS4L7NG":{"registrationId":487999429,"currentRatchet":{"ephemeralKeyPair":{"pubKey":"BVVyoioSB5JZUwH5sP4oLOuL9y7ETPkVJW7kJE1824sL","privKey":"4KvtKunZeAOwQ0MH7p11QWsz96VJpAvvcyl2uFBLAHY="},"lastRemoteEphemeralKey":"BSY9DNAj54khDwi4CVF0DaB7X54GqEAsN2KTIGeCE4lR","previousCounter":0,"rootKey":"R6zAe8hkfkcMNC/4jbiUpOjW0xlbDU6zawIQoIWN2gk="},"indexInfo":{"baseKey":"BTXTyfoxKmhPqwooS9srZRXZ0rpX87/dx6oYNkS4L7NG","baseKeyType":1,"closed":1686139344704,"used":1686138803717,"created":1686138803717,"remoteIdentityKey":"BRgcRFm/SK1AwpFIpfrTD1VbFCYSO/v7YfdwvQw8n5Be"},"_chains":{"BVVyoioSB5JZUwH5sP4oLOuL9y7ETPkVJW7kJE1824sL":{"chainKey":{"counter":45,"key":"lcMPGl2zMKEp2M73MrvfrQUT9avYckuxRddFk7cXZto="},"chainType":1,"messageKeys":{}}},"pendingPreKey":{"signedKeyId":0,"baseKey":"BTXTyfoxKmhPqwooS9srZRXZ0rpX87/dx6oYNkS4L7NG","preKeyId":13659710}},"BdoJJ+R3XqX5Ad+xuwwfOCxjlVNiYRlLK3qfz9S62A8X":{"registrationId":487999429,"currentRatchet":{"ephemeralKeyPair":{"pubKey":"BaGxrdtA4FPUuY7lGVczrzrMRL73r+dTEBh2cExmHQhV","privKey":"QPT2GspEfz/6XsEGj8mIW95jPLul9ZpR6SqWwvWVxXY="},"lastRemoteEphemeralKey":"BSY9DNAj54khDwi4CVF0DaB7X54GqEAsN2KTIGeCE4lR","previousCounter":0,"rootKey":"rcTsyGN6LUmESmXinsYBUuXob2eO2vmx2Lc/FMnHEOY="},"indexInfo":{"baseKey":"BdoJJ+R3XqX5Ad+xuwwfOCxjlVNiYRlLK3qfz9S62A8X","baseKeyType":1,"closed":-1,"used":1686139344695,"created":1686139344695,"remoteIdentityKey":"BRgcRFm/SK1AwpFIpfrTD1VbFCYSO/v7YfdwvQw8n5Be"},"_chains":{"BaGxrdtA4FPUuY7lGVczrzrMRL73r+dTEBh2cExmHQhV":{"chainKey":{"counter":217,"key":"o7i4mig3nqSwOL58qU1QRvcxwTQzG1vW4YpcjbysjmU="},"chainType":1,"messageKeys":{}}},"pendingPreKey":{"signedKeyId":0,"baseKey":"BdoJJ+R3XqX5Ad+xuwwfOCxjlVNiYRlLK3qfz9S62A8X","preKeyId":13659657}}},"version":"v1"}