{"_sessions":{"BRxTG+aExZ6LhjWf2+F2ULXD8M8hr0IqxzxQJPHmn0ED":{"registrationId":1383712697,"currentRatchet":{"ephemeralKeyPair":{"pubKey":"BdTCVD6x0QuV8WZRFyvBCiH8w/Uw4EzXP1MTKo4wWJQp","privKey":"qKboHEeiatQI/R8eRaIwoS93+7cM9cRAoWxMgw0J/GM="},"lastRemoteEphemeralKey":"BdkwbLViglQtTQxSoJsA9qre88HzEwslCG4jb/F0h18B","previousCounter":0,"rootKey":"0UtcqgPXtapDixTdlCpUHbz0jGmtLZIrVHPgCURgoR4="},"indexInfo":{"baseKey":"BRxTG+aExZ6LhjWf2+F2ULXD8M8hr0IqxzxQJPHmn0ED","baseKeyType":1,"closed":1686141910977,"used":1686138802246,"created":1686138802246,"remoteIdentityKey":"BXfhkWUdMFjySAAZg17hwf/2lcF2F7y2tWEFGD5WG4Z8"},"_chains":{"BdTCVD6x0QuV8WZRFyvBCiH8w/Uw4EzXP1MTKo4wWJQp":{"chainKey":{"counter":263,"key":"w3ryt5bZnBpk9d86j7pyQmO/moj+6tJTyaRiiTmTcAg="},"chainType":1,"messageKeys":{}}},"pendingPreKey":{"signedKeyId":0,"baseKey":"BRxTG+aExZ6LhjWf2+F2ULXD8M8hr0IqxzxQJPHmn0ED","preKeyId":503450}},"BS5ZBkwWDoZQ/qIg21BmbMZyLdWAjUVaPwUNkvKl8b0z":{"registrationId":1383712697,"currentRatchet":{"ephemeralKeyPair":{"pubKey":"BZrdNKr9OUMz41Ezer+P7gyx8pv41B99AwjE2+pqPJ11","privKey":"EDKggMyu6X3asdYu9g0WB+HW7qhOfOoRghEWzWk1EFA="},"lastRemoteEphemeralKey":"BdkwbLViglQtTQxSoJsA9qre88HzEwslCG4jb/F0h18B","previousCounter":0,"rootKey":"KR7Sqw2AdpMnzY0ViatUoxaDjK9aksDeR5D0jt2w6UQ="},"indexInfo":{"baseKey":"BS5ZBkwWDoZQ/qIg21BmbMZyLdWAjUVaPwUNkvKl8b0z","baseKeyType":1,"closed":1686141948344,"used":1686141910965,"created":1686141910965,"remoteIdentityKey":"BXfhkWUdMFjySAAZg17hwf/2lcF2F7y2tWEFGD5WG4Z8"},"_chains":{"BZrdNKr9OUMz41Ezer+P7gyx8pv41B99AwjE2+pqPJ11":{"chainKey":{"counter":-1,"key":"J2TLkxqFpeLvaXIsd4ac5k4DkZo9PY2DkgmBoH0/fR8="},"chainType":1,"messageKeys":{}}},"pendingPreKey":{"signedKeyId":0,"baseKey":"BS5ZBkwWDoZQ/qIg21BmbMZyLdWAjUVaPwUNkvKl8b0z","preKeyId":502985}},"BUK2A48Z7XS8HSYjqU4ccko2QykQU10+a3hQPS31MFFv":{"registrationId":1383712697,"currentRatchet":{"ephemeralKeyPair":{"pubKey":"BQCFasLtMZIgn0b65H3n/gOSEpenkJ+1UrrPgjxP6pUf","privKey":"sF4xsFP2aJOyF+pBk9cAKYeOdg17Ey4fzgpOGw+HvnE="},"lastRemoteEphemeralKey":"BdkwbLViglQtTQxSoJsA9qre88HzEwslCG4jb/F0h18B","previousCounter":0,"rootKey":"Y5fc799HidDv0hnD3wenPzuI1osFoo0RCFF2o3HLqjA="},"indexInfo":{"baseKey":"BUK2A48Z7XS8HSYjqU4ccko2QykQU10+a3hQPS31MFFv","baseKeyType":1,"closed":-1,"used":1686141948338,"created":1686141948338,"remoteIdentityKey":"BXfhkWUdMFjySAAZg17hwf/2lcF2F7y2tWEFGD5WG4Z8"},"_chains":{"BQCFasLtMZIgn0b65H3n/gOSEpenkJ+1UrrPgjxP6pUf":{"chainKey":{"counter":-1,"key":"u3VBrKTSqrJPs/aZKkRhblPHp8CKA9tru3tU5B8WBLo="},"chainType":1,"messageKeys":{}}},"pendingPreKey":{"signedKeyId":0,"baseKey":"BUK2A48Z7XS8HSYjqU4ccko2QykQU10+a3hQPS31MFFv","preKeyId":502939}}},"version":"v1"}