{"_sessions":{"BfwtbgZabjGpXVYL32P0DH1Ie2tU6hbUfGcRkAbGJtxO":{"registrationId":22198086,"currentRatchet":{"ephemeralKeyPair":{"pubKey":"BXpZ+CIP2qSGLnKqZhNtvcdoMjkhtjosSTJLDWew7EkV","privKey":"cKl1bSkatAlAqAAVGO2P+V3lFsG6Ki9lcsSyb9STvkw="},"lastRemoteEphemeralKey":"BRyL8jG7phxttiaQZvVX13EvXaeYQGPZlObWeBUShYIw","previousCounter":0,"rootKey":"Kb+/mk75pg8y/IhBteXCz9UgZ5QLJ7K87BKLRcjOhAw="},"indexInfo":{"baseKey":"BfwtbgZabjGpXVYL32P0DH1Ie2tU6hbUfGcRkAbGJtxO","baseKeyType":1,"closed":-1,"used":1686138798625,"created":1686138798625,"remoteIdentityKey":"BVLrUBICGAIcdUWtJl6VzzSvKZY8Xe1KK61goT2ZOTZZ"},"_chains":{"BXpZ+CIP2qSGLnKqZhNtvcdoMjkhtjosSTJLDWew7EkV":{"chainKey":{"counter":263,"key":"4rxzI2kDPSVFXO1vFOAowZbiPd5c9lVjqnQa8UsBxGs="},"chainType":1,"messageKeys":{}}},"pendingPreKey":{"signedKeyId":4,"baseKey":"BfwtbgZabjGpXVYL32P0DH1Ie2tU6hbUfGcRkAbGJtxO","preKeyId":8566357}}},"version":"v1"}