{"_sessions":{"BQEWarunTorX4L/gCcENfE0GOAzGtH2CXIfmTLyd7EtG":{"registrationId":1203327386,"currentRatchet":{"ephemeralKeyPair":{"pubKey":"BTeWTZSew+dK2uJ68/HNvJbIYcdbm/citf5mu5T2rTA4","privKey":"GH9U6dnDCgwpEfE9TIl1K8HQGiepf1cRD+LmVjj/BXY="},"lastRemoteEphemeralKey":"BYSmpsVpeLcicxnjXctUTjy2s64pz4tEBtVPIliyEsBV","previousCounter":0,"rootKey":"ddcdJeQy7JPeUfknyIT0lfjHWZxAqcN5nq84ZdzGWRA="},"indexInfo":{"baseKey":"BQEWarunTorX4L/gCcENfE0GOAzGtH2CXIfmTLyd7EtG","baseKeyType":1,"closed":1686139385714,"used":1686138797224,"created":1686138797224,"remoteIdentityKey":"BdV8qHk3JyUb7JMha0JpEzrqNsr1AqJ0yDUzj7VEV6QI"},"_chains":{"BTeWTZSew+dK2uJ68/HNvJbIYcdbm/citf5mu5T2rTA4":{"chainKey":{"counter":57,"key":"WS4ltYNlVkwxcJhKFVGZyOOrSWpIjIsBhIx0vshTK14="},"chainType":1,"messageKeys":{}}},"pendingPreKey":{"signedKeyId":1,"baseKey":"BQEWarunTorX4L/gCcENfE0GOAzGtH2CXIfmTLyd7EtG","preKeyId":15757091}},"Bc6aw7RIVEpYWN7Oq1wet+5Ltb8WqcxecZX9uRwciyUW":{"registrationId":1203327386,"currentRatchet":{"ephemeralKeyPair":{"pubKey":"BeIMkmNyPlKGzMtSp1nNzQYAoi1IMHLrQUQlYds3gSUE","privKey":"iE0nkI7tHBIKnur0hTh7qPGt9K7NfLmL78PLm09sY0Q="},"lastRemoteEphemeralKey":"BYSmpsVpeLcicxnjXctUTjy2s64pz4tEBtVPIliyEsBV","previousCounter":0,"rootKey":"+KPhleQ4pxzM6DLO3BKf5c1E+wKWCcMfdfvtRGo2hV0="},"indexInfo":{"baseKey":"Bc6aw7RIVEpYWN7Oq1wet+5Ltb8WqcxecZX9uRwciyUW","baseKeyType":1,"closed":-1,"used":1686139385640,"created":1686139385640,"remoteIdentityKey":"BdV8qHk3JyUb7JMha0JpEzrqNsr1AqJ0yDUzj7VEV6QI"},"_chains":{"BeIMkmNyPlKGzMtSp1nNzQYAoi1IMHLrQUQlYds3gSUE":{"chainKey":{"counter":205,"key":"1BqDbqFI3iaRiy5RuWUxhi8gXQYx8QIlJ3c1R7EsYDI="},"chainType":1,"messageKeys":{}}},"pendingPreKey":{"signedKeyId":1,"baseKey":"Bc6aw7RIVEpYWN7Oq1wet+5Ltb8WqcxecZX9uRwciyUW","preKeyId":15757108}}},"version":"v1"}