{"_sessions":{"BZXwc3PRtxQRO5V1iaCTABlCrmKQoomrEx7gfyMZ38kr":{"registrationId":1722406383,"currentRatchet":{"ephemeralKeyPair":{"pubKey":"BYLQiBbr7Ih5UuXbEkCWFmIA9dKM5U+VNnajttHvEoQK","privKey":"oL1MdJ7WnS5v3c9zz2zwowhx20gYFK3MIxBuM6TecUk="},"lastRemoteEphemeralKey":"BeHOe1+UUaR7mQl/E8KCy7miEmdv9Jawhjb+Mb22XBg4","previousCounter":0,"rootKey":"Gsl5N/iEWmhWB3wPAVPS7dS286yMHi6OueXdWnVmB70="},"indexInfo":{"baseKey":"BZXwc3PRtxQRO5V1iaCTABlCrmKQoomrEx7gfyMZ38kr","baseKeyType":1,"closed":1686139966167,"used":1686138803543,"created":1686138803543,"remoteIdentityKey":"Bd/xzcYia78Oqbmw+wMtSq819+G6xnI6gvx8xwjEKqFT"},"_chains":{"BYLQiBbr7Ih5UuXbEkCWFmIA9dKM5U+VNnajttHvEoQK":{"chainKey":{"counter":109,"key":"qll4N5hVcA00i34Tf8M48rWqSxM5aOxKfeUpGwDs6/s="},"chainType":1,"messageKeys":{}}},"pendingPreKey":{"signedKeyId":20,"baseKey":"BZXwc3PRtxQRO5V1iaCTABlCrmKQoomrEx7gfyMZ38kr","preKeyId":6670602}},"BdjOaRQuvkhmhUNwDR2Ar9U49lh/kef2xiu+w8w9Kz8L":{"registrationId":1722406383,"currentRatchet":{"ephemeralKeyPair":{"pubKey":"BTEKP2aPhVgPGSAm+8ssrku5cLFRJc6y96epb1HCjKMQ","privKey":"ePOggpJcmcXGYRUn18eM41tws5Mz1q4KltvtEWTKGHU="},"lastRemoteEphemeralKey":"BeHOe1+UUaR7mQl/E8KCy7miEmdv9Jawhjb+Mb22XBg4","previousCounter":0,"rootKey":"43tY2pWwwHaBbidjugN7LtgKo+JzgZXyQkxPB5Q0uOc="},"indexInfo":{"baseKey":"BdjOaRQuvkhmhUNwDR2Ar9U49lh/kef2xiu+w8w9Kz8L","baseKeyType":1,"closed":-1,"used":1686139966013,"created":1686139966013,"remoteIdentityKey":"Bd/xzcYia78Oqbmw+wMtSq819+G6xnI6gvx8xwjEKqFT"},"_chains":{"BTEKP2aPhVgPGSAm+8ssrku5cLFRJc6y96epb1HCjKMQ":{"chainKey":{"counter":153,"key":"r4wJw7U7bckLEpoyfBdWwVr+BGoPcquCIUwTnZT9dy8="},"chainType":1,"messageKeys":{}}},"pendingPreKey":{"signedKeyId":20,"baseKey":"BdjOaRQuvkhmhUNwDR2Ar9U49lh/kef2xiu+w8w9Kz8L","preKeyId":6670606}}},"version":"v1"}