{"_sessions":{"BeVLH668h6LK1qhnBEcXnYutzXtHRRY06M5p2wnbQro1":{"registrationId":1528218705,"currentRatchet":{"ephemeralKeyPair":{"pubKey":"BYDvT4ko7T1XgtavHEHqfRYi72PCH3fOMOdFYKWEi/wX","privKey":"OLlxPMnhrwSFSUk6ZYiclEA/aiVTlscz3b8qH+HUUno="},"lastRemoteEphemeralKey":"BdrQQNSqSRD4HhmiHTaMRDFOLaG8ZUKSlkCWayvvZNob","previousCounter":0,"rootKey":"6LMzkEaCYDdFOW1hAsDdbsxbMh8g8vQaMMyN2OdvvCg="},"indexInfo":{"baseKey":"BeVLH668h6LK1qhnBEcXnYutzXtHRRY06M5p2wnbQro1","baseKeyType":1,"closed":1686139624107,"used":1686138799806,"created":1686138799806,"remoteIdentityKey":"BTWNyjsnA/cGyeE7knEs5oXnqZWUiT2bhD1fASTPN7lk"},"_chains":{"BYDvT4ko7T1XgtavHEHqfRYi72PCH3fOMOdFYKWEi/wX":{"chainKey":{"counter":79,"key":"RQIgoHiMpZsk2BBRcUpiC2k3arX+fPj4J/qvHokIlW0="},"chainType":1,"messageKeys":{}}},"pendingPreKey":{"signedKeyId":5,"baseKey":"BeVLH668h6LK1qhnBEcXnYutzXtHRRY06M5p2wnbQro1","preKeyId":5145184}},"BbqcxoX3HDMSKhn9eplQQXW4f9TrKMXhHgAgQ7Ped/tC":{"registrationId":1528218705,"currentRatchet":{"ephemeralKeyPair":{"pubKey":"BWeFxDRmXpVjES6gJ06txxJI8BqgjDZWqJ9eCiUEYApF","privKey":"eCjoyIOOWr3PB+gHHLthFL2VRum6nnCXrmG2ykvBQH4="},"lastRemoteEphemeralKey":"BdrQQNSqSRD4HhmiHTaMRDFOLaG8ZUKSlkCWayvvZNob","previousCounter":0,"rootKey":"QGpfsPoxyaMM5yKHhWWsQ+GDqB5amf8SB0NKSo8cPBk="},"indexInfo":{"baseKey":"BbqcxoX3HDMSKhn9eplQQXW4f9TrKMXhHgAgQ7Ped/tC","baseKeyType":1,"closed":-1,"used":1686139624007,"created":1686139624007,"remoteIdentityKey":"BTWNyjsnA/cGyeE7knEs5oXnqZWUiT2bhD1fASTPN7lk"},"_chains":{"BWeFxDRmXpVjES6gJ06txxJI8BqgjDZWqJ9eCiUEYApF":{"chainKey":{"counter":183,"key":"4GpE0XG0R9CRqsgacnfRQUB0NYwtptZtMaXb6fNVFvw="},"chainType":1,"messageKeys":{}}},"pendingPreKey":{"signedKeyId":5,"baseKey":"BbqcxoX3HDMSKhn9eplQQXW4f9TrKMXhHgAgQ7Ped/tC","preKeyId":5145854}}},"version":"v1"}