{"_sessions":{"BWhOc5SmZZIzksPw06BuQPVDyY1trYJXwY6yX+aDaLBh":{"registrationId":582854114,"currentRatchet":{"ephemeralKeyPair":{"pubKey":"BUdBY55TBf9pq0mOzIfR7iid15jGeU6N23m/A9E9TpF+","privKey":"oI5rwVgh6abvULk/FeRgaw0VyMDEfHjVLuzPCbZqT2A="},"lastRemoteEphemeralKey":"BTPa3LUIPf2MwcCyq8ZB8CpdsEiQzc3JzmQaRfhM9Jtx","previousCounter":0,"rootKey":"wVkTodeKPYjNZ43Ae3QJPtQOJqNdaYYTRJtbNRfvLMw="},"indexInfo":{"baseKey":"BWhOc5SmZZIzksPw06BuQPVDyY1trYJXwY6yX+aDaLBh","baseKeyType":1,"closed":1686139251082,"used":1686138798076,"created":1686138798076,"remoteIdentityKey":"BQ018DpJNg6dUL8Kh99YVLusUGzRjpUsiYJBLpn03fQf"},"_chains":{"BUdBY55TBf9pq0mOzIfR7iid15jGeU6N23m/A9E9TpF+":{"chainKey":{"counter":23,"key":"7YiveU7TGwvcC8lDKhFGHV3RqDpDTckiKSlbxKCbl3I="},"chainType":1,"messageKeys":{}}},"pendingPreKey":{"signedKeyId":5,"baseKey":"BWhOc5SmZZIzksPw06BuQPVDyY1trYJXwY6yX+aDaLBh","preKeyId":15500196}},"BS5t4c7Mcw09HSQzYwvcvVtGnVOX8rLst6TXifFbzDMu":{"registrationId":582854114,"currentRatchet":{"ephemeralKeyPair":{"pubKey":"BSOVDxMiQVFHk5ypYZD20KRB6apRpWcy4jPrz4PZOQxt","privKey":"kPQTga96J5HkNnLjHVCJXMNNeXOAT3GHsk1vTqC39Eo="},"lastRemoteEphemeralKey":"BTPa3LUIPf2MwcCyq8ZB8CpdsEiQzc3JzmQaRfhM9Jtx","previousCounter":0,"rootKey":"gAmrVyKXFUe4JXUjaamVL/7rlE+ZGsWWvrL0Ckdp0zg="},"indexInfo":{"baseKey":"BS5t4c7Mcw09HSQzYwvcvVtGnVOX8rLst6TXifFbzDMu","baseKeyType":1,"closed":-1,"used":1686139251038,"created":1686139251038,"remoteIdentityKey":"BQ018DpJNg6dUL8Kh99YVLusUGzRjpUsiYJBLpn03fQf"},"_chains":{"BSOVDxMiQVFHk5ypYZD20KRB6apRpWcy4jPrz4PZOQxt":{"chainKey":{"counter":239,"key":"JFpUUpbZ2OOrtoaqyrFK9Pyr+Jvy4SsGg2gc6u3wrz8="},"chainType":1,"messageKeys":{}}},"pendingPreKey":{"signedKeyId":5,"baseKey":"BS5t4c7Mcw09HSQzYwvcvVtGnVOX8rLst6TXifFbzDMu","preKeyId":15500191}}},"version":"v1"}