{"_sessions":{"Bc/Xbi24xk36fLepfXXCjo4ma81/dK5P1SHb2XjnKE1y":{"registrationId":2135528013,"currentRatchet":{"ephemeralKeyPair":{"pubKey":"BWdAHzq5O3ZNdxeTJzqXyRrA8ST1gJYq/qvA8WefFS0k","privKey":"4KShPXHmWWSgk4TIA8FH7794fiSx7TfPXE5kKmdMkEE="},"lastRemoteEphemeralKey":"BXxb9wW4W6ZnWuZOK0KSBY36T56Ar98FRBr5YtC86w0D","previousCounter":0,"rootKey":"rWL1s+OpZagg8/bp20zxLnouiu/U6/gkH4LD5kLyFb8="},"indexInfo":{"baseKey":"Bc/Xbi24xk36fLepfXXCjo4ma81/dK5P1SHb2XjnKE1y","baseKeyType":1,"closed":1686139563569,"used":1686138803338,"created":1686138803338,"remoteIdentityKey":"BfAX4Nie4bKm8g8I2esQKwdrNDnb8ZLx6SYUapCgZD5q"},"_chains":{"BWdAHzq5O3ZNdxeTJzqXyRrA8ST1gJYq/qvA8WefFS0k":{"chainKey":{"counter":73,"key":"3Hd8Ds6ACKDh5dd7k4AwweFZtnGwvlEZDJujWqqiD1U="},"chainType":1,"messageKeys":{}}},"pendingPreKey":{"signedKeyId":1,"baseKey":"Bc/Xbi24xk36fLepfXXCjo4ma81/dK5P1SHb2XjnKE1y","preKeyId":12095804}},"BSl0xai81ZWU7oMn27A9R5r2m7DpWPp5b0OfXkwdUSxg":{"registrationId":2135528013,"currentRatchet":{"ephemeralKeyPair":{"pubKey":"BSjqI+FQZagkCoe2dS8oxxqDKa34ChJLHxTuXDbucANB","privKey":"cBPfGyijGFfqYt6KVKR3AmwaRb/zZDJds+MgTvYlXFs="},"lastRemoteEphemeralKey":"BXxb9wW4W6ZnWuZOK0KSBY36T56Ar98FRBr5YtC86w0D","previousCounter":0,"rootKey":"8rymNQNX34LiQeaGe9vXhQgmHk7Hn+etA5rANnPu+8E="},"indexInfo":{"baseKey":"BSl0xai81ZWU7oMn27A9R5r2m7DpWPp5b0OfXkwdUSxg","baseKeyType":1,"closed":-1,"used":1686139563542,"created":1686139563542,"remoteIdentityKey":"BfAX4Nie4bKm8g8I2esQKwdrNDnb8ZLx6SYUapCgZD5q"},"_chains":{"BSjqI+FQZagkCoe2dS8oxxqDKa34ChJLHxTuXDbucANB":{"chainKey":{"counter":189,"key":"P4E/bmi9OFc8xJRxQyJN+Cxzi5sfqtWg7oLTpl4y4Eo="},"chainType":1,"messageKeys":{}}},"pendingPreKey":{"signedKeyId":1,"baseKey":"BSl0xai81ZWU7oMn27A9R5r2m7DpWPp5b0OfXkwdUSxg","preKeyId":12096040}}},"version":"v1"}