{"_sessions":{"BUrtWvzPEq/0SJ1wzGULy6zRSWl/KfMQ8twzJmaS7gxl":{"registrationId":811421282,"currentRatchet":{"ephemeralKeyPair":{"pubKey":"BTJOKF4KXuoovGCOBq+NI9Bbq+AICM1f4FWm5Fw5/3U2","privKey":"KJpuFZrJGbVr9DpLrTUGUb82BSVeNX6M4ztaMtxI3VU="},"lastRemoteEphemeralKey":"BZRLlBT9+rik3BzU7MioeqCj4qLN+1WwDaEnVz6toGV/","previousCounter":0,"rootKey":"k4pnCVEOWVS1SKjZdVgvwrq9ZMLyqWxMMYb+mhvIFS4="},"indexInfo":{"baseKey":"BUrtWvzPEq/0SJ1wzGULy6zRSWl/KfMQ8twzJmaS7gxl","baseKeyType":1,"closed":-1,"used":1686138802499,"created":1686138802499,"remoteIdentityKey":"BY25VP7wkpDxfr2RbMmk6ix/a3ghNTzxAmQupYSaLdNT"},"_chains":{"BTJOKF4KXuoovGCOBq+NI9Bbq+AICM1f4FWm5Fw5/3U2":{"chainKey":{"counter":263,"key":"HF/MDy1qLhBnrV+H4xRpoq7beFIsT4cEhXIaUxVaqAU="},"chainType":1,"messageKeys":{}}},"pendingPreKey":{"signedKeyId":1,"baseKey":"BUrtWvzPEq/0SJ1wzGULy6zRSWl/KfMQ8twzJmaS7gxl"}}},"version":"v1"}