{"_sessions":{"Bc5Eby4EqE1FHmX6LndP02JH/ZPMg5FjiedWFibxCs9X":{"registrationId":1297328074,"currentRatchet":{"ephemeralKeyPair":{"pubKey":"BRBGQmqMQtuChqhhM6nXYN+IkIQaajF/PU8w/Ql15t4f","privKey":"IBW5eRXsztHiu9F3U7HB4QVyedupS52PMIfqU95NeVg="},"lastRemoteEphemeralKey":"BfEKD56pIa7flhd+kLHlAFJAXfo32SSZkxggybt5gTtx","previousCounter":0,"rootKey":"5lZm7iFxnix81RexOuIz6e0SORVDQBIPk5cazgJqON4="},"indexInfo":{"baseKey":"Bc5Eby4EqE1FHmX6LndP02JH/ZPMg5FjiedWFibxCs9X","baseKeyType":1,"closed":1686139209409,"used":1686138799251,"created":1686138799251,"remoteIdentityKey":"BcXsUtXkKxBBCc/jnWXM8zzANhTHwXjT13r2CiI+zJ1j"},"_chains":{"BRBGQmqMQtuChqhhM6nXYN+IkIQaajF/PU8w/Ql15t4f":{"chainKey":{"counter":16,"key":"NJtUnsVP5IMzQ3Nd8Jc45FO0OXr2mtkLycnRxMxFnPI="},"chainType":1,"messageKeys":{}}},"pendingPreKey":{"signedKeyId":3,"baseKey":"Bc5Eby4EqE1FHmX6LndP02JH/ZPMg5FjiedWFibxCs9X","preKeyId":2072871}},"BRPcZ+vqHPj3nX3gfyS2MgeM/MNZ8nPNKyh2QFhawyU1":{"registrationId":1297328074,"currentRatchet":{"ephemeralKeyPair":{"pubKey":"BcZMGLP96LOSFW64ayY/ztqgnSvNX78pv7xcE+NR5RAU","privKey":"EF8JrOg9OgvUX3sPBSD/A6AWVJMExu9BY5CXVnoFI3s="},"lastRemoteEphemeralKey":"BfEKD56pIa7flhd+kLHlAFJAXfo32SSZkxggybt5gTtx","previousCounter":0,"rootKey":"Uu0uPLEUiopIgdSRexsB4ry2ofFHNiKBfxDmU2ImaUI="},"indexInfo":{"baseKey":"BRPcZ+vqHPj3nX3gfyS2MgeM/MNZ8nPNKyh2QFhawyU1","baseKeyType":1,"closed":-1,"used":1686139209364,"created":1686139209364,"remoteIdentityKey":"BcXsUtXkKxBBCc/jnWXM8zzANhTHwXjT13r2CiI+zJ1j"},"_chains":{"BcZMGLP96LOSFW64ayY/ztqgnSvNX78pv7xcE+NR5RAU":{"chainKey":{"counter":246,"key":"3vQQP3JwjTYv49sjw3LCieLSwS6YyqWLOQsZUc80WA0="},"chainType":1,"messageKeys":{}}},"pendingPreKey":{"signedKeyId":3,"baseKey":"BRPcZ+vqHPj3nX3gfyS2MgeM/MNZ8nPNKyh2QFhawyU1","preKeyId":2073056}}},"version":"v1"}