{"_sessions":{"BRtHUzaskuHYgyk2tSL3qZdyw1aVo1EDzx18oiS/lgBn":{"registrationId":165900081,"currentRatchet":{"ephemeralKeyPair":{"pubKey":"BVM8V9gPNpraov28Xtx/83zSttnNdcNEjChG3kanUVlw","privKey":"eGwNOT18YrWIN3LaTTtVSpqzAoYIC/V5221ypKIJflE="},"lastRemoteEphemeralKey":"BdOTAH/7nrX9H0+RaAOyD5BTfUBIdLck+Qo36m94gpQd","previousCounter":0,"rootKey":"479hNt0cjJnkgR9LINTUbV+x3/Fo51VLUjp0qPPMob8="},"indexInfo":{"baseKey":"BRtHUzaskuHYgyk2tSL3qZdyw1aVo1EDzx18oiS/lgBn","baseKeyType":1,"closed":-1,"used":1686138797301,"created":1686138797301,"remoteIdentityKey":"Bc5sCRV4Z18OrwkrO+3P3UIPsFXyVgpUxqn4ip1eyHkG"},"_chains":{"BVM8V9gPNpraov28Xtx/83zSttnNdcNEjChG3kanUVlw":{"chainKey":{"counter":263,"key":"fcrG1VfooNHtuwJdT67iTF8ec/iyotA0M++clL5Ctbs="},"chainType":1,"messageKeys":{}}},"pendingPreKey":{"signedKeyId":0,"baseKey":"BRtHUzaskuHYgyk2tSL3qZdyw1aVo1EDzx18oiS/lgBn","preKeyId":11414087}}},"version":"v1"}