{"_sessions":{"BWmE9rCFlueMmLCYz+vvjT3jlPlwNqnjxYsnSIKu+vZV":{"registrationId":1214479257,"currentRatchet":{"ephemeralKeyPair":{"pubKey":"BQna0p71asnvqZpSqkW24ggn7FC8m0Efan53uehONkEy","privKey":"wIaQ193/bDYhbvgvG2EiOdI3608krscf7IHjMBZcXU4="},"lastRemoteEphemeralKey":"BeG+RkWkH5ijSafY4raieQ/MrwbuxFIwBDK8eU9wHZh2","previousCounter":1,"rootKey":"PH1SI3/6ncG8/gf0DplXZlTS9kQ92XPVDeTKlpWMSzM="},"indexInfo":{"baseKey":"BWmE9rCFlueMmLCYz+vvjT3jlPlwNqnjxYsnSIKu+vZV","baseKeyType":2,"closed":-1,"used":1686142133412,"created":1686141942830,"remoteIdentityKey":"BcQfouUvyxE9uNkBW7WUoFH4aD4/RBA/9o+9UifoRB0H"},"_chains":{"Be9DYh56yeRtlk7C69E/xLkAvSLeWKHr9dshu5RtiPE4":{"chainKey":{"counter":0},"chainType":2,"messageKeys":{}},"BdxYlzorh4Hp/9a7jI76zgdpD9nO/zTaX5AnfO87L+to":{"chainKey":{"counter":0},"chainType":2,"messageKeys":{}},"BXz+HUAtzs/Eeh1YIH45R4u7Qzsd5LGxLBPh18YLgnxw":{"chainKey":{"counter":1},"chainType":2,"messageKeys":{}},"BeG+RkWkH5ijSafY4raieQ/MrwbuxFIwBDK8eU9wHZh2":{"chainKey":{"counter":0,"key":"C0G2wn+cymuDSFa62H/XWTVn96fDMMZDO/l/8ZkTCJU="},"chainType":2,"messageKeys":{}},"BQna0p71asnvqZpSqkW24ggn7FC8m0Efan53uehONkEy":{"chainKey":{"counter":-1,"key":"Yt81Cml/Psek68oc65BwhkBIHEAgcCaIhNAMflA1vII="},"chainType":1,"messageKeys":{}}}}},"version":"v1"}