{"_sessions":{"BZxgBYRa839kfBEAD4QtgbWoK+vN+qsTZPNd7CPZP51p":{"registrationId":930844189,"currentRatchet":{"ephemeralKeyPair":{"pubKey":"BfZVQOkrH15yedfbpOGds5cxw4Lu8Vm7737Yh4UG20F4","privKey":"KIUZxKvlzHEawXoVxieXRJKAs2Shj8K3iIIuh/aEZX8="},"lastRemoteEphemeralKey":"BXn1P3OsPSuoAFhnsrFBOtBgOaorHOMntlmIZQ1WNq5Z","previousCounter":0,"rootKey":"MGgC/Gh7cjX/BN/zbgRpHx7eXMMGKgvsfxR+5SlaO3A="},"indexInfo":{"baseKey":"BZxgBYRa839kfBEAD4QtgbWoK+vN+qsTZPNd7CPZP51p","baseKeyType":1,"closed":-1,"used":1686138796047,"created":1686138796047,"remoteIdentityKey":"BcqWK17BadaQZVpjKZDywm6b49kEnL9KsekO4tC+Y+t/"},"_chains":{"BfZVQOkrH15yedfbpOGds5cxw4Lu8Vm7737Yh4UG20F4":{"chainKey":{"counter":263,"key":"Ehlv8coJrSKvUwlPrE3IM8HxbukaRgJUJLzurbNo4Xs="},"chainType":1,"messageKeys":{}}},"pendingPreKey":{"signedKeyId":1,"baseKey":"BZxgBYRa839kfBEAD4QtgbWoK+vN+qsTZPNd7CPZP51p"}}},"version":"v1"}