{"_sessions":{"BRnoYhb3+1I53bORT8Zt8vQtrwG8NrfOS5qCIJIZC9Mt":{"registrationId":493481633,"currentRatchet":{"ephemeralKeyPair":{"pubKey":"BYtTCURjRwc1k56PaxDso9sEkEU/bFl4alDXpKpN3ok7","privKey":"EMglHl2CwdZKmKtU7S1sYhYib+QKBjZLSJgPgCYtw3Q="},"lastRemoteEphemeralKey":"BS902cWQ1lVkY7gxtbiXKJHfjy0XIdiTtarbme8VijNm","previousCounter":0,"rootKey":"yVg09V8JMy2e3Uwx87qk/6u1alXszuGR95dJrZr+8yw="},"indexInfo":{"baseKey":"BRnoYhb3+1I53bORT8Zt8vQtrwG8NrfOS5qCIJIZC9Mt","baseKeyType":1,"closed":-1,"used":1686138798825,"created":1686138798825,"remoteIdentityKey":"BSdfkH2lPCJz2k6hZm7S+bhcaY+yrkYcxpEO5E51Eph6"},"_chains":{"BYtTCURjRwc1k56PaxDso9sEkEU/bFl4alDXpKpN3ok7":{"chainKey":{"counter":263,"key":"1y6zAUIFTlFsAmZNpU3paijVD1a0TWqTCDVh0VyGVxQ="},"chainType":1,"messageKeys":{}}},"pendingPreKey":{"signedKeyId":0,"baseKey":"BRnoYhb3+1I53bORT8Zt8vQtrwG8NrfOS5qCIJIZC9Mt"}}},"version":"v1"}