{"_sessions":{"BdfbknwCCPoqrwlg5lTumPgID1Vup3EBa9s7D/L5eGdl":{"registrationId":630214734,"currentRatchet":{"ephemeralKeyPair":{"pubKey":"BZl6cM5yPfUAglcSNMpS8vdKo32+efv7ZjOuY5nU5WUN","privKey":"oHvjPQsYXMv/kio+BREa2wlFA/G+hAshfa1bne37gWs="},"lastRemoteEphemeralKey":"BfrKqVTBQZCZb6tDrGgQ8h8hG8RK6S8wTCRcKgRhiL4d","previousCounter":0,"rootKey":"jb1VIi3gtHsOau23iCDcyKTgJLDVFxujzMsffocar0Q="},"indexInfo":{"baseKey":"BdfbknwCCPoqrwlg5lTumPgID1Vup3EBa9s7D/L5eGdl","baseKeyType":1,"closed":1686139332493,"used":1686138801531,"created":1686138801531,"remoteIdentityKey":"BY875ikCGUHxMtjuhZTakd1q7pWrExqn0QAG93Uh4k8G"},"_chains":{"BZl6cM5yPfUAglcSNMpS8vdKo32+efv7ZjOuY5nU5WUN":{"chainKey":{"counter":41,"key":"0ffuPIw/iabampw3pzUpojq68AMFkt3cqMxUtih46iw="},"chainType":1,"messageKeys":{}}},"pendingPreKey":{"signedKeyId":0,"baseKey":"BdfbknwCCPoqrwlg5lTumPgID1Vup3EBa9s7D/L5eGdl","preKeyId":7608417}},"BX8Et0uKouJr7ivpbyQ8FGoYCXy0yfPlgqB0KG+cYegd":{"registrationId":630214734,"currentRatchet":{"ephemeralKeyPair":{"pubKey":"BbLSn9OHZVtl39Mj3Aw/Ao5neEIkEqZUUmXCVmqeoGZs","privKey":"SOR258lAqd1maJFLGqbmhya4gnPuzeJGq5OaJ8I49WA="},"lastRemoteEphemeralKey":"BfrKqVTBQZCZb6tDrGgQ8h8hG8RK6S8wTCRcKgRhiL4d","previousCounter":0,"rootKey":"x3zpl72jAtyoVejvERyu7PYihlCXKvKbCektM88OYsE="},"indexInfo":{"baseKey":"BX8Et0uKouJr7ivpbyQ8FGoYCXy0yfPlgqB0KG+cYegd","baseKeyType":1,"closed":-1,"used":1686139332477,"created":1686139332477,"remoteIdentityKey":"BY875ikCGUHxMtjuhZTakd1q7pWrExqn0QAG93Uh4k8G"},"_chains":{"BbLSn9OHZVtl39Mj3Aw/Ao5neEIkEqZUUmXCVmqeoGZs":{"chainKey":{"counter":221,"key":"DcS9NlRnG52fW/u/X1w+36gMBCWqTMXt6SxRbI9J1us="},"chainType":1,"messageKeys":{}}},"pendingPreKey":{"signedKeyId":0,"baseKey":"BX8Et0uKouJr7ivpbyQ8FGoYCXy0yfPlgqB0KG+cYegd","preKeyId":7608595}}},"version":"v1"}