{"_sessions":{"BbEVzf26cjllxzYQ07m2/9u8wQkqCo3WVfSyDANx+2IS":{"registrationId":1951393453,"currentRatchet":{"ephemeralKeyPair":{"pubKey":"BauE5/oaZN8LULstxgQ6U6ESiueMcy+f1iXJXgR2vqYf","privKey":"MM1ceoByd7kbC9Uix7ehb0Q0N1KVyZwzeu58H57oI0Y="},"lastRemoteEphemeralKey":"BQY9JtpHcoknNTk0H5ir9buMeeto9k24TZvjx7awdW9P","previousCounter":0,"rootKey":"RvT9dICFR6vnRU9Bw24KFwEWWfvmqKD/qsL9rYCk8kM="},"indexInfo":{"baseKey":"BbEVzf26cjllxzYQ07m2/9u8wQkqCo3WVfSyDANx+2IS","baseKeyType":1,"closed":-1,"used":1686138798735,"created":1686138798735,"remoteIdentityKey":"BXgXbu5COtfHUZZUzXLPhHvqyfhyG+up/YzVDnkI9bxY"},"_chains":{"BauE5/oaZN8LULstxgQ6U6ESiueMcy+f1iXJXgR2vqYf":{"chainKey":{"counter":263,"key":"BdqaNYqENMVduO5EXQsiUpHhnqpORolemOW6xRb2X9Q="},"chainType":1,"messageKeys":{}}},"pendingPreKey":{"signedKeyId":11,"baseKey":"BbEVzf26cjllxzYQ07m2/9u8wQkqCo3WVfSyDANx+2IS","preKeyId":11378775}}},"version":"v1"}