{"_sessions":{"BUpe8AP9q395vZOraTokjlh1Svf2IPQrqPpGL4riq6V2":{"registrationId":148722157,"currentRatchet":{"ephemeralKeyPair":{"pubKey":"BTdAMcQJXoVplnYVAQlNdBOY5TFCHfjGPQNY4VYP+Rwj","privKey":"WMyt/AQ6JHcBE+0OV87Z1robn0KRe4LaXaMQDAh1IXA="},"lastRemoteEphemeralKey":"BR+q1ZWDwovX3Li03yj0nOX8tlQwTqFTRHXGMdwIBCIv","previousCounter":0,"rootKey":"SZQN0CFGoTsP2O4XjI0JCUnKA+wIq5BKx1krN406MZs="},"indexInfo":{"baseKey":"BUpe8AP9q395vZOraTokjlh1Svf2IPQrqPpGL4riq6V2","baseKeyType":1,"closed":-1,"used":1686138800935,"created":1686138800935,"remoteIdentityKey":"BWBN3fTPLFPLurESyBGfQjN0eGdpA52Fqfme07HRfwMv"},"_chains":{"BTdAMcQJXoVplnYVAQlNdBOY5TFCHfjGPQNY4VYP+Rwj":{"chainKey":{"counter":263,"key":"di+Gs7z3qHzQy2Vq53i56Pf4PxO5AygLESdVc5e/J1g="},"chainType":1,"messageKeys":{}}},"pendingPreKey":{"signedKeyId":1,"baseKey":"BUpe8AP9q395vZOraTokjlh1Svf2IPQrqPpGL4riq6V2","preKeyId":2234247}}},"version":"v1"}