{"_sessions":{"BUzqj/fqa/5yjHW0zUCZHdBlqmDMWeA1EWvyArPjgVRQ":{"registrationId":72,"currentRatchet":{"ephemeralKeyPair":{"pubKey":"BVPVqASm7NECIYz9CD3I/9UqXn9Ua4kVbN0t2QJ4ZNIn","privKey":"GGBHYFqEtQGV2gcgpx/AExg7H2pNotIENtacSQEUpFM="},"lastRemoteEphemeralKey":"BUyhyGIBGfZLnAeV/AyBJtZHto2H3VuJp4d4YzQLG8Ba","previousCounter":0,"rootKey":"aru+GndbUp5Jc0ZiOsCgkBRr9/VG7ojlJxEew5y/Z5Y="},"indexInfo":{"baseKey":"BUzqj/fqa/5yjHW0zUCZHdBlqmDMWeA1EWvyArPjgVRQ","baseKeyType":1,"closed":-1,"used":1686138796575,"created":1686138796575,"remoteIdentityKey":"BRsv6C+Q09padlfqiCp2efbMHQNHEs429kSnp9w9Y01F"},"_chains":{"BVPVqASm7NECIYz9CD3I/9UqXn9Ua4kVbN0t2QJ4ZNIn":{"chainKey":{"counter":263,"key":"zUrJxS60VgRKPKnAZw5+TpAoJZCDX7179ZTxLEdr7Vo="},"chainType":1,"messageKeys":{}}},"pendingPreKey":{"signedKeyId":1,"baseKey":"BUzqj/fqa/5yjHW0zUCZHdBlqmDMWeA1EWvyArPjgVRQ"}}},"version":"v1"}