{"_sessions":{"BcTJUqNNaQpgyFDHF5cgQERDGmzU+yCy86uoNVVp/zts":{"registrationId":138,"currentRatchet":{"ephemeralKeyPair":{"pubKey":"BboXqbG15R8xRgezKUSDKB84+UmRhkAmRVHeU2Go7jYS","privKey":"aFPPd5oQnm9ojxvVuCRUVzmxlMHR0IS2QMJ32XnKtUw="},"lastRemoteEphemeralKey":"BUeORTEKclf99H9KpmLuZ4h9xkl13SjBga0ioksy85F6","previousCounter":0,"rootKey":"atIEsUZ40ha9rrCSySsOOFdXWfP88kwXV6XZ8Pg0feA="},"indexInfo":{"baseKey":"BcTJUqNNaQpgyFDHF5cgQERDGmzU+yCy86uoNVVp/zts","baseKeyType":1,"closed":1686139025254,"used":1686138795883,"created":1686138795883,"remoteIdentityKey":"BUyQiTnM33AWIQZrgOUt4THEATrXS0YsxKLfzN4NA4J5"},"_chains":{"BboXqbG15R8xRgezKUSDKB84+UmRhkAmRVHeU2Go7jYS":{"chainKey":{"counter":0,"key":"MVPyHM2aHXOoaWY7AJfrewtJ/d6rfhoYys4D4ZxUVik="},"chainType":1,"messageKeys":{}}},"pendingPreKey":{"signedKeyId":1,"baseKey":"BcTJUqNNaQpgyFDHF5cgQERDGmzU+yCy86uoNVVp/zts","preKeyId":109}},"Baga8BrFbpPIBFtbb1Ml8F4SwSojSuW8q1Ky0DKLSS9h":{"registrationId":138,"currentRatchet":{"ephemeralKeyPair":{"pubKey":"BTb8WYCXEbH/RHN5nBOcF7lb3lF068uWG1/cYFSoLqdr","privKey":"CJbp1xQcYQ5Dqc36fWHUDrqdBHfeTy2KsdEH/4TArUQ="},"lastRemoteEphemeralKey":"Bb0zdjguJP5l2cElaUsfdDV7L6qs2Hkp6AYq+oSCt3JR","previousCounter":0,"rootKey":"jKKtFjsJ8H+NP9Ygd+mt/XYG9g/gFY420L27x4sf+qY="},"indexInfo":{"baseKey":"Baga8BrFbpPIBFtbb1Ml8F4SwSojSuW8q1Ky0DKLSS9h","baseKeyType":2,"closed":1686139302404,"used":1686139025302,"created":1686139025302,"remoteIdentityKey":"BUyQiTnM33AWIQZrgOUt4THEATrXS0YsxKLfzN4NA4J5"},"_chains":{"Bb0zdjguJP5l2cElaUsfdDV7L6qs2Hkp6AYq+oSCt3JR":{"chainKey":{"counter":0,"key":"wI+BWZeIt5ZkO+IUxZktUMHCchwDdxACibPAP7+UZv8="},"chainType":2,"messageKeys":{}},"BTb8WYCXEbH/RHN5nBOcF7lb3lF068uWG1/cYFSoLqdr":{"chainKey":{"counter":32,"key":"67uGc/N17pIdmZ5y2paAugKTp3L0jHnv2vWqN8L10WA="},"chainType":1,"messageKeys":{}}}},"BS89TVCf4Fzxov3NXxbU5HOX094P/kBII+6w2lItTERt":{"registrationId":138,"currentRatchet":{"ephemeralKeyPair":{"pubKey":"BYhzElFO0Jpjhv6huu3tFhHO0IKSxAd/FTTzj8rgzExn","privKey":"uNVLEeuXqOrT9v12NfmEAFZBwqiFIKTikaEv2I0xW00="},"lastRemoteEphemeralKey":"Bbcf3buOEkayvT39xC8jC7GSJZnXfIDjICBglnyoYTJA","previousCounter":132,"rootKey":"WkO4R6cAgo+lacg3frRRGeBYAA7u+abccEjcGr54020="},"indexInfo":{"baseKey":"BS89TVCf4Fzxov3NXxbU5HOX094P/kBII+6w2lItTERt","baseKeyType":1,"closed":-1,"used":1686141146079,"created":1686139302370,"remoteIdentityKey":"BUyQiTnM33AWIQZrgOUt4THEATrXS0YsxKLfzN4NA4J5"},"_chains":{"Bbcf3buOEkayvT39xC8jC7GSJZnXfIDjICBglnyoYTJA":{"chainKey":{"counter":0,"key":"+1i3UqyQJ6IYAKJlTi3+RSxmaS5XyeJoyToHl1aNlyk="},"chainType":2,"messageKeys":{}},"BYhzElFO0Jpjhv6huu3tFhHO0IKSxAd/FTTzj8rgzExn":{"chainKey":{"counter":97,"key":"VgNNFb2EGfpzA2s0WLRbT6UDFfBa0TjfdEU24aK8rqk="},"chainType":1,"messageKeys":{}}}}},"version":"v1"}