{"_sessions":{"BbNut8UqesKUMeg7MVCQcOQpAgE7AxcAXPnMzUH0864k":{"registrationId":159,"currentRatchet":{"ephemeralKeyPair":{"pubKey":"BcdicAYXp4uXWX2MEAkzQZk9E1oPjHji7JmoD7Wtfn5Q","privKey":"gNHujpvPoRHBTSaMR9ACpDSdd2FF8xSZEESLR4Q+Q00="},"lastRemoteEphemeralKey":"Bdcdw7zq1Fgg5KGKOVYSQoy8S+CT06yDteZ/T13nx1EY","previousCounter":0,"rootKey":"WlZu7p5P2aanD24NZPT2/qyHF7YTNaNyxZVsBYGKJkw="},"indexInfo":{"baseKey":"BbNut8UqesKUMeg7MVCQcOQpAgE7AxcAXPnMzUH0864k","baseKeyType":1,"closed":-1,"used":1686138795841,"created":1686138795841,"remoteIdentityKey":"BRov4ZUkJbQDxoRCblKMzqdrmd1DryR0l/eQhV9poOJY"},"_chains":{"BcdicAYXp4uXWX2MEAkzQZk9E1oPjHji7JmoD7Wtfn5Q":{"chainKey":{"counter":263,"key":"XdOWcZxhyIckNz7EC2ZZZvd8OAPSTM3gDERxuOR6E+U="},"chainType":1,"messageKeys":{}}},"pendingPreKey":{"signedKeyId":1,"baseKey":"BbNut8UqesKUMeg7MVCQcOQpAgE7AxcAXPnMzUH0864k"}}},"version":"v1"}