{"_sessions":{"BZdsvOyCeTqEujuDJaWHcpPoJ/PQQAUzZI70ZVQ0Vc8N":{"registrationId":1181765153,"currentRatchet":{"ephemeralKeyPair":{"pubKey":"BZsD2wh1FWFoFvnO6Qr3NWyl0BTlAksu158pTCdP31oI","privKey":"YMzM45vSHfHVDr/HtoG40YR/8PCKBUraF4RycFxTYEU="},"lastRemoteEphemeralKey":"BbpG+pXi3KMs93dY9VFr6WRdtiUvtbUBvGSvaaSpn1dX","previousCounter":0,"rootKey":"Ede1WV54dUiOq7Y+WQSG+ACeuPKwlezzlrEVxvFrT1g="},"indexInfo":{"baseKey":"BZdsvOyCeTqEujuDJaWHcpPoJ/PQQAUzZI70ZVQ0Vc8N","baseKeyType":1,"closed":1686139448478,"used":1686138797333,"created":1686138797333,"remoteIdentityKey":"BYyGYgXsW6amFDM8eg8b0AfRsH5VTyrv3knVAfoslIZ+"},"_chains":{"BZsD2wh1FWFoFvnO6Qr3NWyl0BTlAksu158pTCdP31oI":{"chainKey":{"counter":59,"key":"L0RI45qSlybOcexe+H880zq7IrNAy4y3HNplqK7rKM8="},"chainType":1,"messageKeys":{}}},"pendingPreKey":{"signedKeyId":7,"baseKey":"BZdsvOyCeTqEujuDJaWHcpPoJ/PQQAUzZI70ZVQ0Vc8N","preKeyId":1313368}},"Bd20urdqLxejJInA7EYEZhr9VlF9lyVYvjjzptCI+LFe":{"registrationId":1181765153,"currentRatchet":{"ephemeralKeyPair":{"pubKey":"BXoJkYk9Fqkrf1wcGz9+eTGoVN2LJd+EJbuAjvkBMV85","privKey":"EI7TYoKe/Os9sHjdGGqTCImKki1sHNgO9jyg8sxlwnY="},"lastRemoteEphemeralKey":"BbpG+pXi3KMs93dY9VFr6WRdtiUvtbUBvGSvaaSpn1dX","previousCounter":0,"rootKey":"viBEPdz/ArBg8h4WhLcCKXxwXJvHtjbTrW/x2UJe8KY="},"indexInfo":{"baseKey":"Bd20urdqLxejJInA7EYEZhr9VlF9lyVYvjjzptCI+LFe","baseKeyType":1,"closed":-1,"used":1686139448407,"created":1686139448407,"remoteIdentityKey":"BYyGYgXsW6amFDM8eg8b0AfRsH5VTyrv3knVAfoslIZ+"},"_chains":{"BXoJkYk9Fqkrf1wcGz9+eTGoVN2LJd+EJbuAjvkBMV85":{"chainKey":{"counter":203,"key":"hP40Y7VybAIcHDRUruwTmlKronbNcM36UQL5hB+bJw0="},"chainType":1,"messageKeys":{}}},"pendingPreKey":{"signedKeyId":7,"baseKey":"Bd20urdqLxejJInA7EYEZhr9VlF9lyVYvjjzptCI+LFe","preKeyId":1313021}}},"version":"v1"}