{"_sessions":{"BQ30mns4Sn7qN9+lO506d2a/yu9qvwfc6wd3e/58auI4":{"registrationId":13521,"currentRatchet":{"ephemeralKeyPair":{"pubKey":"BfzJ6FHP6S7XlD6dNJqmoMstMjYSAFtdYWmYMUcqflUS","privKey":"yEqiw+LhuIlAYxb1FSCCfWlybEnEj24zEhgajMutx1g="},"lastRemoteEphemeralKey":"BaYQlzCMw0/g+0z5TRESTcT733CA2JjNxGAPnNepNF0M","previousCounter":0,"rootKey":"hI/KNCnQJLxY2x5w2c7raRx7UJ1WttrctddQnGBA8q8="},"indexInfo":{"baseKey":"BQ30mns4Sn7qN9+lO506d2a/yu9qvwfc6wd3e/58auI4","baseKeyType":1,"closed":-1,"used":1686138796191,"created":1686138796191,"remoteIdentityKey":"BWI8XE5hBqSW70qVLwHUyu3kep8kyczPpBSyrrB50UMm"},"_chains":{"BfzJ6FHP6S7XlD6dNJqmoMstMjYSAFtdYWmYMUcqflUS":{"chainKey":{"counter":263,"key":"a9zq3smEqEKnW8TnhCjJb6qbl/u8JKm23useDet8+LM="},"chainType":1,"messageKeys":{}}},"pendingPreKey":{"signedKeyId":1,"baseKey":"BQ30mns4Sn7qN9+lO506d2a/yu9qvwfc6wd3e/58auI4"}}},"version":"v1"}