{"_sessions":{"BbuwxsdrUuuywC6GHWT898Oq3BchqwXb+QII/ZzH0e8b":{"registrationId":5495631,"currentRatchet":{"ephemeralKeyPair":{"pubKey":"Bd7m71bkYKC8jSeb72u4A07QLXSpWzgI9uw5l+J1nL0I","privKey":"gMpHRjQwICygJh/DyuJG4zQnKj2yeKSGKZyR+ky5AXQ="},"lastRemoteEphemeralKey":"BevMa+pX4RM9Wo5FDvXXGCbQ8RjexSMMzkTT1AjrpOBv","previousCounter":0,"rootKey":"7eW2oMeOnbeyM7ZmvX14rWPVeteUSaixz3ogkW+eVMs="},"indexInfo":{"baseKey":"BbuwxsdrUuuywC6GHWT898Oq3BchqwXb+QII/ZzH0e8b","baseKeyType":1,"closed":1686139058745,"used":1686138801889,"created":1686138801889,"remoteIdentityKey":"BSPR8uyZMMWkT1bdR4d5JQ2w9Id4wHsF2Hm1icmvCAh5"},"_chains":{"Bd7m71bkYKC8jSeb72u4A07QLXSpWzgI9uw5l+J1nL0I":{"chainKey":{"counter":1,"key":"igMiw1OrQ/UdvHCXJ0ppiThm8iWGvA59NoyFQ9omJoo="},"chainType":1,"messageKeys":{}}},"pendingPreKey":{"signedKeyId":2,"baseKey":"BbuwxsdrUuuywC6GHWT898Oq3BchqwXb+QII/ZzH0e8b","preKeyId":11191639}},"BXf0ccs7058PMmdJcGsZSH8c9tHxG/lmY3FikVrRMERO":{"registrationId":5495631,"currentRatchet":{"ephemeralKeyPair":{"pubKey":"BWeWb1OiXca9et2/HcGccm3EW6Q4WLMq3BSCpNThmmYL","privKey":"MHj/knBpyrYOjvtwr7Pjm8PmT8mHSPFXg2HRdNBrUEw="},"lastRemoteEphemeralKey":"BevMa+pX4RM9Wo5FDvXXGCbQ8RjexSMMzkTT1AjrpOBv","previousCounter":0,"rootKey":"Axuc78saZpIj3gFR1VAYEpy2MwAf6elRwulWWxqeZog="},"indexInfo":{"baseKey":"BXf0ccs7058PMmdJcGsZSH8c9tHxG/lmY3FikVrRMERO","baseKeyType":1,"closed":-1,"used":1686139058690,"created":1686139058690,"remoteIdentityKey":"BSPR8uyZMMWkT1bdR4d5JQ2w9Id4wHsF2Hm1icmvCAh5"},"_chains":{"BWeWb1OiXca9et2/HcGccm3EW6Q4WLMq3BSCpNThmmYL":{"chainKey":{"counter":261,"key":"SE/NmKYpUiTEeeyzAuLfa61kykYClKpH+ifWUuDyC0I="},"chainType":1,"messageKeys":{}}},"pendingPreKey":{"signedKeyId":2,"baseKey":"BXf0ccs7058PMmdJcGsZSH8c9tHxG/lmY3FikVrRMERO","preKeyId":11192361}}},"version":"v1"}