{"_sessions":{"BSK9olqFVScRgMAeykt9NB9ooFY3dfvdViNw7AURU7N1":{"registrationId":1098901509,"currentRatchet":{"ephemeralKeyPair":{"pubKey":"BU7uLAm7Vo3Ty04hSFkAB4Lc9QWXB2mnhPxWUVfVbO9h","privKey":"cLfrS2G9X9GpQ7S/s8FMyKN5tuGccB9hNp8Pekj5gU0="},"lastRemoteEphemeralKey":"BYlk96KxMT79iCT+C4vx9Zj/4fePDAKTsyyou26NCUF9","previousCounter":0,"rootKey":"VryCDv9br1f349+JpOk4xoAXnh2iwbP/BpJkrgwGYRU="},"indexInfo":{"baseKey":"BSK9olqFVScRgMAeykt9NB9ooFY3dfvdViNw7AURU7N1","baseKeyType":1,"closed":-1,"used":1686138797110,"created":1686138797110,"remoteIdentityKey":"BdWkZ8OW+MiHjI3b+AuNfzkgTUNeGEWeFS4EE6mya0xS"},"_chains":{"BU7uLAm7Vo3Ty04hSFkAB4Lc9QWXB2mnhPxWUVfVbO9h":{"chainKey":{"counter":263,"key":"NTQ5gcYfI5mqOuPZbXTScREzUe2JGE3hNi57d+P8Zvc="},"chainType":1,"messageKeys":{}}},"pendingPreKey":{"signedKeyId":0,"baseKey":"BSK9olqFVScRgMAeykt9NB9ooFY3dfvdViNw7AURU7N1"}}},"version":"v1"}