{"_sessions":{"BcnlaHZI5Ji1KQijD5rblvjrgokNxSlNwkhbiJwbuWFa":{"registrationId":1674315248,"currentRatchet":{"ephemeralKeyPair":{"pubKey":"BbidDIPFeBI1rsEdcjGIuImaCVU6lZvPEtACdIch1SRE","privKey":"kPi6yPwN3q7uDLOh7WPUW3IYAu4jCvV8UlL/ao7u/Fk="},"lastRemoteEphemeralKey":"BQK1gLvhgSAm34P3ZaLs2rWlBt8IoWNLImwG+hRACR9x","previousCounter":0,"rootKey":"UlqK/QOHq6jg/WiOXVv+PssdY/XilStMO9dwcKUgdxY="},"indexInfo":{"baseKey":"BcnlaHZI5Ji1KQijD5rblvjrgokNxSlNwkhbiJwbuWFa","baseKeyType":1,"closed":1686139341294,"used":1686138803483,"created":1686138803483,"remoteIdentityKey":"BdAwWCpWWK20EUdCuaypH+y6fXpHaGx4d9+FHZi04u8T"},"_chains":{"BbidDIPFeBI1rsEdcjGIuImaCVU6lZvPEtACdIch1SRE":{"chainKey":{"counter":44,"key":"GOYVSp+xd8oDQ8tWdTIHmPzxUbUvYK2VxJEa3M9fZzo="},"chainType":1,"messageKeys":{}}},"pendingPreKey":{"signedKeyId":14,"baseKey":"BcnlaHZI5Ji1KQijD5rblvjrgokNxSlNwkhbiJwbuWFa","preKeyId":16639880}},"BVVGOWOV0PBpPOhDVbx+8IDer8hhf21UQJDVjsHs168N":{"registrationId":1674315248,"currentRatchet":{"ephemeralKeyPair":{"pubKey":"BftHAJslPR2yq/cG500OfPFvpGKBsiZ7vowMqrYJeMxT","privKey":"CAi6oSW+Aobmuf0gamARTMLeY1QIBKfDIp8rKFwwtnw="},"lastRemoteEphemeralKey":"BQK1gLvhgSAm34P3ZaLs2rWlBt8IoWNLImwG+hRACR9x","previousCounter":0,"rootKey":"dGtCUJiWbAwF3hzV5GjVAecWSk6Z5Z/3l2e1llYkVK4="},"indexInfo":{"baseKey":"BVVGOWOV0PBpPOhDVbx+8IDer8hhf21UQJDVjsHs168N","baseKeyType":1,"closed":-1,"used":1686139341286,"created":1686139341286,"remoteIdentityKey":"BdAwWCpWWK20EUdCuaypH+y6fXpHaGx4d9+FHZi04u8T"},"_chains":{"BftHAJslPR2yq/cG500OfPFvpGKBsiZ7vowMqrYJeMxT":{"chainKey":{"counter":218,"key":"s/PhoAhqG/+bsue+5ZdeYjvw1HuTZaDZtNMiZQARMPw="},"chainType":1,"messageKeys":{}}},"pendingPreKey":{"signedKeyId":14,"baseKey":"BVVGOWOV0PBpPOhDVbx+8IDer8hhf21UQJDVjsHs168N","preKeyId":16639960}}},"version":"v1"}