{"_sessions":{"BZQky694P2jeCzbZJ2iympv/Fr9ZA7vehwN4+1VfLYob":{"registrationId":764446250,"currentRatchet":{"ephemeralKeyPair":{"pubKey":"BShkm2ZzOngt7MY0Hju2baHQJyq1kSaPHIYnlGbyT9I3","privKey":"WBYlH+L+ZenJaGekPVBC54tpygBBrG9u8IpVd2Hepkw="},"lastRemoteEphemeralKey":"BZD8q1GK5HjWARVvTfzoHPFd/Dyhg9iarsls/RUUV3Ba","previousCounter":0,"rootKey":"UIEtWo1aeaiNZleFPepm+6jj7/ipsPLSwJnDL9P4wIU="},"indexInfo":{"baseKey":"BZQky694P2jeCzbZJ2iympv/Fr9ZA7vehwN4+1VfLYob","baseKeyType":1,"closed":-1,"used":1686138797557,"created":1686138797557,"remoteIdentityKey":"BbkQrUYpmMnDeEa2x4PXqtwA09Lw6zdkTfjJ9wOCqSUO"},"_chains":{"BShkm2ZzOngt7MY0Hju2baHQJyq1kSaPHIYnlGbyT9I3":{"chainKey":{"counter":263,"key":"YZkodZ2qiKSOeyARkoYq9w3OPHqwS3w3njZuglURddU="},"chainType":1,"messageKeys":{}}},"pendingPreKey":{"signedKeyId":0,"baseKey":"BZQky694P2jeCzbZJ2iympv/Fr9ZA7vehwN4+1VfLYob","preKeyId":10257544}}},"version":"v1"}