{"_sessions":{"BZ6JFin2nR4wWtlYOl4h/wmpgi35zCvW+Sd1q9rBN4B6":{"registrationId":1496961599,"currentRatchet":{"ephemeralKeyPair":{"pubKey":"BRhRaAMsf2L7WnwhDG/m5kOaT938mtliXcYU9tFwHqYV","privKey":"YHpALAtKy8xOVBGSAECVeFAZr3hzf0W0E0EUcZnRTUQ="},"lastRemoteEphemeralKey":"Bd1OFTFukb4aE/KcDG2kTgLm/RATvQkrkbyuLAXZ125l","previousCounter":0,"rootKey":"fw7MzSH/383bM0aZY5MrZ23mTeQ+MoC9QTJ5tGYu/SA="},"indexInfo":{"baseKey":"BZ6JFin2nR4wWtlYOl4h/wmpgi35zCvW+Sd1q9rBN4B6","baseKeyType":1,"closed":1686139512524,"used":1686138798499,"created":1686138798499,"remoteIdentityKey":"BVvlKn0ZO9OVEoNlW+eYoteT6yPi8ZS9pFhcUxVraD9q"},"_chains":{"BRhRaAMsf2L7WnwhDG/m5kOaT938mtliXcYU9tFwHqYV":{"chainKey":{"counter":69,"key":"YWVifAyca5y4/mB2ScZTQIg/ZZ8S5nQywjx5/eFUBw4="},"chainType":1,"messageKeys":{}}},"pendingPreKey":{"signedKeyId":3,"baseKey":"BZ6JFin2nR4wWtlYOl4h/wmpgi35zCvW+Sd1q9rBN4B6","preKeyId":11425830}},"BZmHV8P/Py57j49mcotCImvBa6/1BJhkA42IFH6MG+4u":{"registrationId":1496961599,"currentRatchet":{"ephemeralKeyPair":{"pubKey":"BVogQH4DR1sRZYKFBF7apnGck+m9j6w/Cnvb2pJNK2Ew","privKey":"8Fy4gN5WK6UX0wa5jmapY7WrcPOfL9QN0EBYBoCPJ0U="},"lastRemoteEphemeralKey":"Bd1OFTFukb4aE/KcDG2kTgLm/RATvQkrkbyuLAXZ125l","previousCounter":0,"rootKey":"ZbzuE1TC/5sr9rHq80qLoaRoxIt6oRp692V4CjVYhgI="},"indexInfo":{"baseKey":"BZmHV8P/Py57j49mcotCImvBa6/1BJhkA42IFH6MG+4u","baseKeyType":1,"closed":-1,"used":1686139512479,"created":1686139512479,"remoteIdentityKey":"BVvlKn0ZO9OVEoNlW+eYoteT6yPi8ZS9pFhcUxVraD9q"},"_chains":{"BVogQH4DR1sRZYKFBF7apnGck+m9j6w/Cnvb2pJNK2Ew":{"chainKey":{"counter":193,"key":"3agHpWEzFg8oKjyS8iNNzNgmfpNeUlVrR321CYKrrZI="},"chainType":1,"messageKeys":{}}},"pendingPreKey":{"signedKeyId":3,"baseKey":"BZmHV8P/Py57j49mcotCImvBa6/1BJhkA42IFH6MG+4u","preKeyId":11425857}}},"version":"v1"}