{"_sessions":{"BWKcUaygYDtUHrpvZov6Lo9kATDB4tgY6WFcWEdDIl4s":{"registrationId":35112236,"currentRatchet":{"ephemeralKeyPair":{"pubKey":"BVux2WWMHE6GKfvhUMX2ugB4T6y+bsj1W44TyOnieHEe","privKey":"GPdb7A8AaU+olT2xGyYYVAQgKO3Nad9/4x8tnXUqHFA="},"lastRemoteEphemeralKey":"BUqYdp4L8Jaazzp7Xcc2m4XSM72kDMQCXepeaYwDasdR","previousCounter":0,"rootKey":"Fd3g3PWUTk74MuPYFOcp/FGAqx1egxnrIUOk3W63dX0="},"indexInfo":{"baseKey":"BWKcUaygYDtUHrpvZov6Lo9kATDB4tgY6WFcWEdDIl4s","baseKeyType":1,"closed":-1,"used":1686138798455,"created":1686138798455,"remoteIdentityKey":"BTVY7BWYTXs5siuHuJWjdo/vqAUtyo4AJWqaRWLestk4"},"_chains":{"BVux2WWMHE6GKfvhUMX2ugB4T6y+bsj1W44TyOnieHEe":{"chainKey":{"counter":263,"key":"IFwwdHiwV93EaghuR28lUdFIPGRJSuYQIodYtU7QUKE="},"chainType":1,"messageKeys":{}}},"pendingPreKey":{"signedKeyId":1,"baseKey":"BWKcUaygYDtUHrpvZov6Lo9kATDB4tgY6WFcWEdDIl4s"}}},"version":"v1"}