{"_sessions":{"BQ/LWYEDP1/DMtAJf7epqDjUGNnX6Or55/hwDNA0Q0U2":{"registrationId":894402669,"currentRatchet":{"ephemeralKeyPair":{"pubKey":"BZZEioDzJCkldxbRDYDvJoWJRDUGPWMIXrOeaVi+hGkP","privKey":"yOKsGxMpVCEbq4TYqwx2FaxLSb/2wJdpSOGq1WidHG0="},"lastRemoteEphemeralKey":"BY/kSkqutbIr175SFFT9Irl0wP31tbgmxx+Y9QWzVnJo","previousCounter":0,"rootKey":"Fcbv0FS6bm5/zj0obmcIiVv8Gf7P7WfYDh48Y8a4eTk="},"indexInfo":{"baseKey":"BQ/LWYEDP1/DMtAJf7epqDjUGNnX6Or55/hwDNA0Q0U2","baseKeyType":1,"closed":-1,"used":1686138800343,"created":1686138800343,"remoteIdentityKey":"BZnuq7HTIQ+yQtFX5ZRvLB92ek2asRRjGueH+CuPOgFG"},"_chains":{"BZZEioDzJCkldxbRDYDvJoWJRDUGPWMIXrOeaVi+hGkP":{"chainKey":{"counter":263,"key":"ypzKJVcM5ziS+OC9PD81W+Nw2yKtTY0GgzXlm3BvTdA="},"chainType":1,"messageKeys":{}}},"pendingPreKey":{"signedKeyId":0,"baseKey":"BQ/LWYEDP1/DMtAJf7epqDjUGNnX6Or55/hwDNA0Q0U2","preKeyId":6568493}}},"version":"v1"}