{"_sessions":{"BeLsNiHWvINqz6TtZnpdncNaXammGzBzhjO4cSqbaTcC":{"registrationId":132,"currentRatchet":{"ephemeralKeyPair":{"pubKey":"BXJkUt8VROZ4zUB3L8nHKMA/rp/yTfkXvVKOiQmFnrgj","privKey":"MB70RpRd9Fsz0JUu8nTNrfgT5GrnmtEtDomKY03irG8="},"lastRemoteEphemeralKey":"BTi6+NwbSRKpTG6NLd8ueiqSQrlg4mK/p4nPDfy4RqwC","previousCounter":0,"rootKey":"6GuaBuFSWbto02cKCgRIaj9cuQl5oK6Y+U/W4jl4P00="},"indexInfo":{"baseKey":"BeLsNiHWvINqz6TtZnpdncNaXammGzBzhjO4cSqbaTcC","baseKeyType":1,"closed":-1,"used":1686138795975,"created":1686138795975,"remoteIdentityKey":"BYlTSIKNhN7aIqks1b/wo5beCdds8rrT26lfVS1w7xtB"},"_chains":{"BXJkUt8VROZ4zUB3L8nHKMA/rp/yTfkXvVKOiQmFnrgj":{"chainKey":{"counter":263,"key":"2IEUUhf/Xvwa+1qVOfF68HXvMHfceBvy3BgawhfoLG8="},"chainType":1,"messageKeys":{}}},"pendingPreKey":{"signedKeyId":1,"baseKey":"BeLsNiHWvINqz6TtZnpdncNaXammGzBzhjO4cSqbaTcC"}}},"version":"v1"}