{"_sessions":{"BQ4xEk50dpW0Vb9zo6miEPpy5KcExx2KXy3lZNAoukZM":{"registrationId":1749662938,"currentRatchet":{"ephemeralKeyPair":{"pubKey":"BS5XB0X9b4uuW+/ypZ8Bzp+Gtz0YTriVs6v4AWJ3b4oB","privKey":"GMokK0gyjdzvo/9T6UFP/5dTlqFAYI4XPVmhDpchSEU="},"lastRemoteEphemeralKey":"BSQDmXmwgjdOiFGdkS52YdS0ySXrcwiQm92MwiMoQ4xO","previousCounter":0,"rootKey":"4a/gv+VfgXcHMPB45hdcTjho+2Iwi3Tk1KnAnpznu34="},"indexInfo":{"baseKey":"BQ4xEk50dpW0Vb9zo6miEPpy5KcExx2KXy3lZNAoukZM","baseKeyType":1,"closed":1686139763432,"used":1686138798172,"created":1686138798172,"remoteIdentityKey":"Bf7lOdhU/DL0A3Gz3u+vdNDO1MF5h/HYurRYX+WhTIoC"},"_chains":{"BS5XB0X9b4uuW+/ypZ8Bzp+Gtz0YTriVs6v4AWJ3b4oB":{"chainKey":{"counter":95,"key":"YmiDuB90KcOZ8os9hT975Ru3ulNJzE4aILGYvDt/x8s="},"chainType":1,"messageKeys":{}}},"pendingPreKey":{"signedKeyId":0,"baseKey":"BQ4xEk50dpW0Vb9zo6miEPpy5KcExx2KXy3lZNAoukZM","preKeyId":5401770}},"BVNYTHDZmsNInS47wMEF6MUeAlw3po42/F+fw7tiInQq":{"registrationId":1749662938,"currentRatchet":{"ephemeralKeyPair":{"pubKey":"BUDf60VNTJ8JiUnJZJLimiU5InTTOjmMBo7P8mnIOYFT","privKey":"gFyOx9Xlup9phPmQ/osmz2CeyLxOS/KuwXd6e6QSQXM="},"lastRemoteEphemeralKey":"BSQDmXmwgjdOiFGdkS52YdS0ySXrcwiQm92MwiMoQ4xO","previousCounter":0,"rootKey":"FoM/IDufgwo5iPsj+xZliY3PGTU731q66yo4xvUZ0/A="},"indexInfo":{"baseKey":"BVNYTHDZmsNInS47wMEF6MUeAlw3po42/F+fw7tiInQq","baseKeyType":1,"closed":-1,"used":1686139763412,"created":1686139763412,"remoteIdentityKey":"Bf7lOdhU/DL0A3Gz3u+vdNDO1MF5h/HYurRYX+WhTIoC"},"_chains":{"BUDf60VNTJ8JiUnJZJLimiU5InTTOjmMBo7P8mnIOYFT":{"chainKey":{"counter":167,"key":"OynNGVMN8o1Bd4QQvvmbHgaqExNRsDZorscIxMiksek="},"chainType":1,"messageKeys":{}}},"pendingPreKey":{"signedKeyId":0,"baseKey":"BVNYTHDZmsNInS47wMEF6MUeAlw3po42/F+fw7tiInQq","preKeyId":5401764}}},"version":"v1"}