{"_sessions":{"BTPWTpx4iMlODxuhdUKIQ0j9OPDuiaG/z5G2r+ss0iEM":{"registrationId":1480773549,"currentRatchet":{"ephemeralKeyPair":{"pubKey":"BbKr6xT1Mn25cucov3H2mT1nWVGANoDhpT2vb7HjLQVh","privKey":"qJOiaZ8f3W9EWXKzlw0TwSPRNdSXgGcoZ28V+hm+tX8="},"lastRemoteEphemeralKey":"BVV/ghGI6PwUw6wGpz7ShHq7jAeTQCQoLBvauVPp8wdM","previousCounter":0,"rootKey":"4gzZnGgAQrwFGRD42/2A7i4wr5pqHWV57g0XxQ1pa1Y="},"indexInfo":{"baseKey":"BTPWTpx4iMlODxuhdUKIQ0j9OPDuiaG/z5G2r+ss0iEM","baseKeyType":1,"closed":-1,"used":1686138800968,"created":1686138800968,"remoteIdentityKey":"BUuaWyNQyHqV7NYkfDMC2AAqL1RTSttfiXKXvFIOxzld"},"_chains":{"BbKr6xT1Mn25cucov3H2mT1nWVGANoDhpT2vb7HjLQVh":{"chainKey":{"counter":263,"key":"jhhFkd84uXOe6R5+zQvogD6X9VLtvGocOFbftHYEB8o="},"chainType":1,"messageKeys":{}}},"pendingPreKey":{"signedKeyId":1,"baseKey":"BTPWTpx4iMlODxuhdUKIQ0j9OPDuiaG/z5G2r+ss0iEM"}}},"version":"v1"}