{"_sessions":{"BS4ljkKKm60EqFgBv1yc5bgKfvLsr8a2DNXUaZfqvW1t":{"registrationId":2055798442,"currentRatchet":{"ephemeralKeyPair":{"pubKey":"BXyJwX03T+PLm6msBEG5lcR1OWjA9rWc1W4A1efZbC9/","privKey":"iHm7E3zQsm24ApWQDF+LPK90LQiy/aoNZLNpsmZLFEg="},"lastRemoteEphemeralKey":"BYll/8FsxyCP8tDzs/F0aCFyNsFOwF/U/+JSL8BMCUYk","previousCounter":0,"rootKey":"9SzWnzjLb/0L65y7Go95A5F8UVJzNSVa1T3nRmYMSm0="},"indexInfo":{"baseKey":"BS4ljkKKm60EqFgBv1yc5bgKfvLsr8a2DNXUaZfqvW1t","baseKeyType":1,"closed":-1,"used":1686138801162,"created":1686138801162,"remoteIdentityKey":"BcaVcACRAWcgff6IsXvIN8z2Q353YyUri95Ng4qVqRwy"},"_chains":{"BXyJwX03T+PLm6msBEG5lcR1OWjA9rWc1W4A1efZbC9/":{"chainKey":{"counter":263,"key":"8eRw2lb+DQ9F0Iy/TTTu0uO658b0wFYe9ARpbFjjmow="},"chainType":1,"messageKeys":{}}},"pendingPreKey":{"signedKeyId":0,"baseKey":"BS4ljkKKm60EqFgBv1yc5bgKfvLsr8a2DNXUaZfqvW1t"}}},"version":"v1"}