{"_sessions":{"BX0iuYD9UbSe/gtKwkq5csceQZtDmzPfrZbnKR9N3E8C":{"registrationId":663283494,"currentRatchet":{"ephemeralKeyPair":{"pubKey":"BXrv+ArNvebD4wvUf50AqXZSf44djFERMmWnrVRKJl1v","privKey":"kEOWItX3GvGiyYZU1GoelMGURONoBhK0kCevfqWdGUA="},"lastRemoteEphemeralKey":"BSRRQuQ2AUW6FcrWM6mCWymwP/yUvixLyira67Hr0sBE","previousCounter":0,"rootKey":"LzP7EJvZWmq9p2z7Ep0VKC5ApvyBuLavh9m7WE+a76w="},"indexInfo":{"baseKey":"BX0iuYD9UbSe/gtKwkq5csceQZtDmzPfrZbnKR9N3E8C","baseKeyType":1,"closed":-1,"used":1686138797720,"created":1686138797720,"remoteIdentityKey":"BWT/hVvK0X2+Mbf8+yu269LjCo6DYUbPcS9jI8Z49UVt"},"_chains":{"BXrv+ArNvebD4wvUf50AqXZSf44djFERMmWnrVRKJl1v":{"chainKey":{"counter":263,"key":"Iyetu4YuX4r601//5Oh4efYWY9gxRQLJEN6/Vz+hoT8="},"chainType":1,"messageKeys":{}}},"pendingPreKey":{"signedKeyId":0,"baseKey":"BX0iuYD9UbSe/gtKwkq5csceQZtDmzPfrZbnKR9N3E8C","preKeyId":11658041}}},"version":"v1"}