{"_sessions":{"BchoM/M8xHBjx5R4KSbopIMUIAXuw/lnGl9uA7QdOqNi":{"registrationId":656915159,"currentRatchet":{"ephemeralKeyPair":{"pubKey":"BSX1Gsypr9bePkdjpjus7FYbcXzur9g5duZHcLKVhckM","privKey":"+KK24DCp6wlsmmnZsSRW7ACeZOMyiPpWOQQVc5PQK3I="},"lastRemoteEphemeralKey":"BXi0kff1PvavUcWGjy52m22QPcdMIlICW3GHbcUEjwMM","previousCounter":0,"rootKey":"VeDRkDHBelOlCirlDGLshAvXQG+QzXwZrooqJNT/jQ4="},"indexInfo":{"baseKey":"BchoM/M8xHBjx5R4KSbopIMUIAXuw/lnGl9uA7QdOqNi","baseKeyType":1,"closed":-1,"used":1686138798330,"created":1686138798330,"remoteIdentityKey":"Bb1u8uLA9phQlsnEQKxYd1b9LUTmMmtfanecbS+UzgtU"},"_chains":{"BSX1Gsypr9bePkdjpjus7FYbcXzur9g5duZHcLKVhckM":{"chainKey":{"counter":263,"key":"hhG7SqffR/SapZcE0vYnHLssmyIeUvOQecZgr//Ncao="},"chainType":1,"messageKeys":{}}},"pendingPreKey":{"signedKeyId":1,"baseKey":"BchoM/M8xHBjx5R4KSbopIMUIAXuw/lnGl9uA7QdOqNi","preKeyId":208783}}},"version":"v1"}