{"_sessions":{"BTOFZ9sWRZI+2YwThc8b0d4wAc8gpWR3aY8jSanchpJM":{"registrationId":156714263,"currentRatchet":{"ephemeralKeyPair":{"pubKey":"BTycAA15hnYUc3w5+B2fcBkvHxWg9RMtsKLikXqEpvkR","privKey":"4I6eM2k1PjJ+6FKTzSkdaEB1GknRvuFfnUstROIUBXc="},"lastRemoteEphemeralKey":"BUdCB/UqyKAJM3Gzc7/5WGS5uhKpmbYDf+eDkkgHQqch","previousCounter":0,"rootKey":"RGzOnSEHwI48WyQ3siJyMMk+vwxLGqglxvYerE/z3Uo="},"indexInfo":{"baseKey":"BTOFZ9sWRZI+2YwThc8b0d4wAc8gpWR3aY8jSanchpJM","baseKeyType":1,"closed":-1,"used":1686138800403,"created":1686138800403,"remoteIdentityKey":"BUsDJyiT2279fEg6UD2Wnx324BywGe+ED/8flxFGwPl+"},"_chains":{"BTycAA15hnYUc3w5+B2fcBkvHxWg9RMtsKLikXqEpvkR":{"chainKey":{"counter":263,"key":"1IhaF+C2bwVFtfOYju5y/6ddNi3z1xrlvpyOJrp16LY="},"chainType":1,"messageKeys":{}}},"pendingPreKey":{"signedKeyId":0,"baseKey":"BTOFZ9sWRZI+2YwThc8b0d4wAc8gpWR3aY8jSanchpJM","preKeyId":12543854}}},"version":"v1"}