{"_sessions":{"BcKtY0b0/SuHkY+vgAQeyEeioM8LgQVeAHd15MD9SGFM":{"registrationId":1733120327,"currentRatchet":{"ephemeralKeyPair":{"pubKey":"BTBrH64i+BgH7TCvjQd+DQ2BwKfo8PN7XpguRo0M8kUG","privKey":"sCuqxHGxd8R0i4xWUiZJ4hlgU80X+cJbgn9GWDXlM1g="},"lastRemoteEphemeralKey":"BW0tb981cm11e+O0icKxcwspDCeG2wQiGP7uieHdPekF","previousCounter":0,"rootKey":"XeIXOrn2/ccScE/FRh45oqEEydQQMXjiFb+kxN5ZKGw="},"indexInfo":{"baseKey":"BcKtY0b0/SuHkY+vgAQeyEeioM8LgQVeAHd15MD9SGFM","baseKeyType":1,"closed":-1,"used":1686138797460,"created":1686138797460,"remoteIdentityKey":"BTOlneFfWKUVG58RodZM/E4Ti2RJ11PQ2c6+fplMJpU7"},"_chains":{"BTBrH64i+BgH7TCvjQd+DQ2BwKfo8PN7XpguRo0M8kUG":{"chainKey":{"counter":263,"key":"K1wJdXE+baynUUmI4do3sJhICqECaS2sR4NOk6uMpIs="},"chainType":1,"messageKeys":{}}},"pendingPreKey":{"signedKeyId":1,"baseKey":"BcKtY0b0/SuHkY+vgAQeyEeioM8LgQVeAHd15MD9SGFM"}}},"version":"v1"}