{"_sessions":{"BQXQ6qYffEKUxNp4hsl0+LkOnBTVmRiUGvu4w1rP9MIH":{"registrationId":325762949,"currentRatchet":{"ephemeralKeyPair":{"pubKey":"BYyfvLyiryOhp1DfhuwDWto2Nm7h336DUOSfhswnlPES","privKey":"gGIeMcQT0DxC9Bzb7Epy6MavJCrV7ps4kQS3K3/NO2I="},"lastRemoteEphemeralKey":"BZ/c9xMLH4HE/FcxBvOoIjOLzzv5Lo0KLqwCGwqew9wZ","previousCounter":0,"rootKey":"rE4PwZwUzEkPjsopCE2tAxwggR48PyzxfOE4D3/YVNg="},"indexInfo":{"baseKey":"BQXQ6qYffEKUxNp4hsl0+LkOnBTVmRiUGvu4w1rP9MIH","baseKeyType":1,"closed":-1,"used":1686138799683,"created":1686138799683,"remoteIdentityKey":"BRXt8fgz6Zb18XgyNvYEoZY/eNh5hbpRYFW6jJqYpf9c"},"_chains":{"BYyfvLyiryOhp1DfhuwDWto2Nm7h336DUOSfhswnlPES":{"chainKey":{"counter":263,"key":"zYqqm28/qUDAFVg4+DRUsDHKqE89H4kE9xhE3yUZ/6A="},"chainType":1,"messageKeys":{}}},"pendingPreKey":{"signedKeyId":0,"baseKey":"BQXQ6qYffEKUxNp4hsl0+LkOnBTVmRiUGvu4w1rP9MIH","preKeyId":12453382}}},"version":"v1"}