{"_sessions":{"BRSiOf0Zx+2YJBu3JF0+Fc/gGXhZeFN+gyPicizN6HUv":{"registrationId":1467124817,"currentRatchet":{"ephemeralKeyPair":{"pubKey":"BTwcSfq2H4eQ9nOm8XmZFe+k2PmxqQ3GcaJcJo5q5ycj","privKey":"sOQ/tyO7beIyY3I2GzWvn6xev+k1kKgspc7tKfqzc2s="},"lastRemoteEphemeralKey":"BSGYmaJGCotqi9S5fIXAFbvxeqzyER0iWhoUry92jtoh","previousCounter":0,"rootKey":"XtTv1TFQQiPJubA8qaB1Gh7YJMjRa4f0oE1PkqO7X/I="},"indexInfo":{"baseKey":"BRSiOf0Zx+2YJBu3JF0+Fc/gGXhZeFN+gyPicizN6HUv","baseKeyType":1,"closed":-1,"used":1686138799598,"created":1686138799598,"remoteIdentityKey":"BfiMsyc5loRmvig73hPciiaycHOsKCFzrSmOXgFwPMEJ"},"_chains":{"BTwcSfq2H4eQ9nOm8XmZFe+k2PmxqQ3GcaJcJo5q5ycj":{"chainKey":{"counter":263,"key":"774tl0jLZ8PLrnWCq4GJ7i8sFM97sLSk1DJcvTPSmKg="},"chainType":1,"messageKeys":{}}},"pendingPreKey":{"signedKeyId":1,"baseKey":"BRSiOf0Zx+2YJBu3JF0+Fc/gGXhZeFN+gyPicizN6HUv"}}},"version":"v1"}