{"_sessions":{"BRLn0hYP18MaoJEoHTHIT9R5MSt5Hr/yNxxEt7AkCnYy":{"registrationId":24,"currentRatchet":{"ephemeralKeyPair":{"pubKey":"BZGS3WlNdEMkoDL9fs2+JpbhHvZN/9JqPzE/egxwMu9Z","privKey":"YKHgZQ24hzG1Q49WRkrVBLXhVYojGlXPSqZ7VCYtWGQ="},"lastRemoteEphemeralKey":"BTUHgXu7vlG2A5WrS8odgv5glskelM/mc1Xhz8fauPQp","previousCounter":0,"rootKey":"97J01QRbieiEq42wTBmi/+g2pIyiaSrv9I5LrEXgOnk="},"indexInfo":{"baseKey":"BRLn0hYP18MaoJEoHTHIT9R5MSt5Hr/yNxxEt7AkCnYy","baseKeyType":1,"closed":-1,"used":1686138796062,"created":1686138796062,"remoteIdentityKey":"BVYee82dzGNuyyV02xFIKG+erSqpfajwUhgQ/qWYwotQ"},"_chains":{"BZGS3WlNdEMkoDL9fs2+JpbhHvZN/9JqPzE/egxwMu9Z":{"chainKey":{"counter":263,"key":"iqHsz7PhH87nTAId7oEPPlX0B0WmW+jABx2x/Z3z8dg="},"chainType":1,"messageKeys":{}}},"pendingPreKey":{"signedKeyId":1,"baseKey":"BRLn0hYP18MaoJEoHTHIT9R5MSt5Hr/yNxxEt7AkCnYy"}}},"version":"v1"}