{"_sessions":{"BZEe6C2SdUIMPTKAP+Qc8GT3grQw+04D4mGFB81xaWZL":{"registrationId":4,"currentRatchet":{"ephemeralKeyPair":{"pubKey":"BfZnBJMrBPSCe4J3RA5lzoFaU6U8BqyX5zfc4I1jxpw7","privKey":"YMnhX+cpVzelR8uH2nkv2VjaCOaG7+IqeVPQpMLAJl4="},"lastRemoteEphemeralKey":"BZTiVEa3WjmZB3a3XNyf3YHnCCTZfDxR9EHTsIhfFrVy","previousCounter":0,"rootKey":"Oh5e8oQna/SuSZuaoct8+IT6UDsuMpwWBe1uZ53kmjY="},"indexInfo":{"baseKey":"BZEe6C2SdUIMPTKAP+Qc8GT3grQw+04D4mGFB81xaWZL","baseKeyType":1,"closed":-1,"used":1686138796768,"created":1686138796768,"remoteIdentityKey":"BZZOVpgRhbRNhLRZNbXAJIPdj5fsm09QUjY1RgHQyqlR"},"_chains":{"BfZnBJMrBPSCe4J3RA5lzoFaU6U8BqyX5zfc4I1jxpw7":{"chainKey":{"counter":263,"key":"FOrVgOqTUNKLHO1aC/X1TtmmRa5H9vdce7Id/xDBoNU="},"chainType":1,"messageKeys":{}}},"pendingPreKey":{"signedKeyId":1,"baseKey":"BZEe6C2SdUIMPTKAP+Qc8GT3grQw+04D4mGFB81xaWZL"}}},"version":"v1"}