{"_sessions":{"BWTg4Jdpgm1R8cGQD1JERfb0GW3bUw2ghKoKw5kYXIda":{"registrationId":677237655,"currentRatchet":{"ephemeralKeyPair":{"pubKey":"BRfzSTfktPGfAJsSVnjo38MhLFb6y5YD8cNis0nPfNJL","privKey":"yIn5ITqc9xe7Rzd/Gfoj/5Cg87OisG5FeMbs05ZcH10="},"lastRemoteEphemeralKey":"BdDCtXA3RFDDq23V/tdZ94BsAzVahYTgepIXXgC2lLU1","previousCounter":0,"rootKey":"QhonWaYizuKn71BdpYD7JhSKMLBSQQ9qSOombjtuKuk="},"indexInfo":{"baseKey":"BWTg4Jdpgm1R8cGQD1JERfb0GW3bUw2ghKoKw5kYXIda","baseKeyType":1,"closed":-1,"used":1686138798994,"created":1686138798994,"remoteIdentityKey":"BeAfRhczP28OuhTEwqTn/8PYYr1/MFZpUuFshbSnVjxi"},"_chains":{"BRfzSTfktPGfAJsSVnjo38MhLFb6y5YD8cNis0nPfNJL":{"chainKey":{"counter":263,"key":"EGFlxXLTCQ4o6YzeDuLQrqfBwEyoeAviodQYHhZLiAE="},"chainType":1,"messageKeys":{}}},"pendingPreKey":{"signedKeyId":0,"baseKey":"BWTg4Jdpgm1R8cGQD1JERfb0GW3bUw2ghKoKw5kYXIda","preKeyId":14263223}}},"version":"v1"}