{"_sessions":{"BSROD5NT8UVTxfX3FdLdCs46LoV/FXKHyc8SBDi8S+to":{"registrationId":1034488354,"currentRatchet":{"ephemeralKeyPair":{"pubKey":"BTC1jTZprXej5aQFj91LkNIY5JQ52NWpjBBwG+R+bLYh","privKey":"mBwjOwIiezfruC3+/7He0U7Ui88PvppMJJeuO6+rLm4="},"lastRemoteEphemeralKey":"Bexg/RgGpx3nd6WBtHl5oCxIZxtnUa0hkx3heYO5+gV9","previousCounter":0,"rootKey":"rfbDnfUjeHIEF3pTO8rjyYRQn1BHAr8zyEq54ODep0o="},"indexInfo":{"baseKey":"BSROD5NT8UVTxfX3FdLdCs46LoV/FXKHyc8SBDi8S+to","baseKeyType":1,"closed":-1,"used":1686138798238,"created":1686138798238,"remoteIdentityKey":"BXyhKylnC/elmnok9YkIQfC/N8tPfJZgE6XhGudbnfYA"},"_chains":{"BTC1jTZprXej5aQFj91LkNIY5JQ52NWpjBBwG+R+bLYh":{"chainKey":{"counter":263,"key":"fDWE6E38AnUfTHAX2mfBi9k9wP6tpLICUH/Dj+SjVhI="},"chainType":1,"messageKeys":{}}},"pendingPreKey":{"signedKeyId":1,"baseKey":"BSROD5NT8UVTxfX3FdLdCs46LoV/FXKHyc8SBDi8S+to","preKeyId":4716937}}},"version":"v1"}