{"_sessions":{"Bce5wapiQtTZkKADPo4+U3UXxfNGh11Q/Fo6tjFpSMRG":{"registrationId":182,"currentRatchet":{"ephemeralKeyPair":{"pubKey":"BdeiP+qcPpmgyHA0IYgZa9RrZK8ElkiKnCpkt9WaVccb","privKey":"sEsPojiJT/aoXbOg1qsZSWA0wIwftzUEzVhv/qsP2V4="},"lastRemoteEphemeralKey":"BWisRnuot5ZBNXFjLph1LcNGZQxjWnK13UWfHyU4YxIg","previousCounter":0,"rootKey":"y98pWguQkCwk0p89J+FNHNfnpfy1FqS7PBTnh9iqHP4="},"indexInfo":{"baseKey":"Bce5wapiQtTZkKADPo4+U3UXxfNGh11Q/Fo6tjFpSMRG","baseKeyType":1,"closed":-1,"used":1686138796020,"created":1686138796020,"remoteIdentityKey":"BTS6S+wk40WUoahKukw+W2fSvwF9zEoDb8gzDZIZgf9P"},"_chains":{"BdeiP+qcPpmgyHA0IYgZa9RrZK8ElkiKnCpkt9WaVccb":{"chainKey":{"counter":263,"key":"Dts+f93u77UAqqKQkpRwuVNP1jAHxrjLkKvkciKw4lE="},"chainType":1,"messageKeys":{}}},"pendingPreKey":{"signedKeyId":1,"baseKey":"Bce5wapiQtTZkKADPo4+U3UXxfNGh11Q/Fo6tjFpSMRG"}}},"version":"v1"}