{"_sessions":{"BQ6d1jUK+kPdis2e46IFxtsep47eVCAafW4SLnQD5f4c":{"registrationId":1733822680,"currentRatchet":{"ephemeralKeyPair":{"pubKey":"BbOiJIztCtP2Rcay2HMMicKU+q+T+ZOOZXQJDNpDwyM3","privKey":"kF52/q4fOjXsQQva23Avxi/Y4VigOo7FKQMz20yaZGQ="},"lastRemoteEphemeralKey":"Bed4EyveixqAfl+OHXIhN7QaH3PLnhp63DIxJ7KSIptY","previousCounter":0,"rootKey":"qTA7tTwXt5Bvnf9yeivH7DW+H0zOeyTmlgQvaxqT6EE="},"indexInfo":{"baseKey":"BQ6d1jUK+kPdis2e46IFxtsep47eVCAafW4SLnQD5f4c","baseKeyType":1,"closed":1686139172625,"used":1686138797985,"created":1686138797985,"remoteIdentityKey":"BQS54MZlkB0mWIrQ0bULOStDLJt7+AgaRtHAkUbonzp8"},"_chains":{"BbOiJIztCtP2Rcay2HMMicKU+q+T+ZOOZXQJDNpDwyM3":{"chainKey":{"counter":10,"key":"2YF+6u4lyoyK4Tob0DuC+FqDMqOoFZXjUBOQW3hW4M8="},"chainType":1,"messageKeys":{}}},"pendingPreKey":{"signedKeyId":5,"baseKey":"BQ6d1jUK+kPdis2e46IFxtsep47eVCAafW4SLnQD5f4c","preKeyId":14467750}},"BcJ98pZsJt5VWhX46sZj1l09e9Xa3JBnPD33JM8wURkR":{"registrationId":1733822680,"currentRatchet":{"ephemeralKeyPair":{"pubKey":"BZ0jqgwK7I22t0RumVl49kgsixhXdwP3byvCbnowslI+","privKey":"QA6QBT6kY9IFawjfSEvocWJFmpU1ZiY1NOvD/+8J4mU="},"lastRemoteEphemeralKey":"Bed4EyveixqAfl+OHXIhN7QaH3PLnhp63DIxJ7KSIptY","previousCounter":0,"rootKey":"9zQ+A/T9rqu4nGyzF2B+HdLMbiI0n0QlaRgSz4Myj64="},"indexInfo":{"baseKey":"BcJ98pZsJt5VWhX46sZj1l09e9Xa3JBnPD33JM8wURkR","baseKeyType":1,"closed":-1,"used":1686139172560,"created":1686139172560,"remoteIdentityKey":"BQS54MZlkB0mWIrQ0bULOStDLJt7+AgaRtHAkUbonzp8"},"_chains":{"BZ0jqgwK7I22t0RumVl49kgsixhXdwP3byvCbnowslI+":{"chainKey":{"counter":252,"key":"2GiNy6auZYpp/rv2W7LY71bnh2kFL2/gl1wstvcC550="},"chainType":1,"messageKeys":{}}},"pendingPreKey":{"signedKeyId":5,"baseKey":"BcJ98pZsJt5VWhX46sZj1l09e9Xa3JBnPD33JM8wURkR","preKeyId":14467693}}},"version":"v1"}