{"_sessions":{"BRiWHFa5rYFySXN2WQNym4SSqOdZbD01JALnYp6mU1Z6":{"registrationId":1094821568,"currentRatchet":{"ephemeralKeyPair":{"pubKey":"BcozkGEnlu2DVfy+QsN/88hretrE6hUUYCH2PSMPCS5P","privKey":"WFMbYqwn3HV5p9jh/KPL0tYi4K6RaKrRFRsy5TLGSX0="},"lastRemoteEphemeralKey":"BdOA71vnzA3LKEpCmaYCenRwEh4hN+7YoeqN3TTjS0oq","previousCounter":0,"rootKey":"SV7uTDPP3JgmW4IAryL4TOMuAtpGvSa8XMxF8KSPFQw="},"indexInfo":{"baseKey":"BRiWHFa5rYFySXN2WQNym4SSqOdZbD01JALnYp6mU1Z6","baseKeyType":1,"closed":-1,"used":1686138796185,"created":1686138796185,"remoteIdentityKey":"BaOhlg7R+5lAqRIq81cgTYEd70UmBSav1rRU9Nhxn1NL"},"_chains":{"BcozkGEnlu2DVfy+QsN/88hretrE6hUUYCH2PSMPCS5P":{"chainKey":{"counter":263,"key":"tqxULZptuZgYuJOIJmYLQU7aCn1MX/LzO3B+fHYf+zI="},"chainType":1,"messageKeys":{}}},"pendingPreKey":{"signedKeyId":0,"baseKey":"BRiWHFa5rYFySXN2WQNym4SSqOdZbD01JALnYp6mU1Z6"}}},"version":"v1"}