{"_sessions":{"BfrS48+OrWEw+Bqd/uyxu1dT2mjmB5m3aRSBsqQza3EA":{"registrationId":1317960904,"currentRatchet":{"ephemeralKeyPair":{"pubKey":"BSjZgKRrsJzK5DPpqJvw/WUT2rPRMvj5KPZWiQMNDWEe","privKey":"6Ev5NCXyOjDk1PzoUO4iAQ9FyMsfeaSiefon3eDZgno="},"lastRemoteEphemeralKey":"BWg1tK9dQZHT8XVKkQ+UYcBmr5NSEITwYh3QPxNaZu1K","previousCounter":0,"rootKey":"uMVk+sayRAw9ksHqOchjlrx+7U8BEL/ySfpeghj4Hj4="},"indexInfo":{"baseKey":"BfrS48+OrWEw+Bqd/uyxu1dT2mjmB5m3aRSBsqQza3EA","baseKeyType":1,"closed":-1,"used":1686138802837,"created":1686138802837,"remoteIdentityKey":"BXPOjnB/KO33sYMqEeirP2NlUuDmAHBs1SpI5cv3YdIz"},"_chains":{"BSjZgKRrsJzK5DPpqJvw/WUT2rPRMvj5KPZWiQMNDWEe":{"chainKey":{"counter":263,"key":"1FjRCOjbVYfV8HbgJ8lMYikBrP38lSqgSBWxQPvVGzI="},"chainType":1,"messageKeys":{}}},"pendingPreKey":{"signedKeyId":0,"baseKey":"BfrS48+OrWEw+Bqd/uyxu1dT2mjmB5m3aRSBsqQza3EA","preKeyId":3109823}}},"version":"v1"}