{"_sessions":{"BYkp4tG8QCzxsasHY2ueioVHW9715fCrHSJGvGYvT49Y":{"registrationId":1909551854,"currentRatchet":{"ephemeralKeyPair":{"pubKey":"BU1aiFi0hNhb1Gx6tIPr5gtbJZLeV6WAgoyxdNuL2hUN","privKey":"QLMt6AuRiIQKnLqFvC7sdhU5oKAfr07lhya+qKx1VXw="},"lastRemoteEphemeralKey":"BcDGtsRRPbCfKfk5tcdh+T4vfVXZ7XabzpFZ8tEz4/BJ","previousCounter":0,"rootKey":"5h8XnVqP582hNV6VgLAQEukFCx9IQpxu5sRN2lY7kXA="},"indexInfo":{"baseKey":"BYkp4tG8QCzxsasHY2ueioVHW9715fCrHSJGvGYvT49Y","baseKeyType":1,"closed":-1,"used":1686138802119,"created":1686138802119,"remoteIdentityKey":"BdGgnxQrdPEYQC1s5Kwg/9QfmcB+aGy/tLWsfegRsBxH"},"_chains":{"BU1aiFi0hNhb1Gx6tIPr5gtbJZLeV6WAgoyxdNuL2hUN":{"chainKey":{"counter":263,"key":"PYYQOB/siOR65La9NgJEf9q8xYLGWM4qSt2GwYeDcoo="},"chainType":1,"messageKeys":{}}},"pendingPreKey":{"signedKeyId":1,"baseKey":"BYkp4tG8QCzxsasHY2ueioVHW9715fCrHSJGvGYvT49Y"}}},"version":"v1"}