{"_sessions":{"BbwHur8mC05r6KMvRSlu00HN+w+XCr7n4ToM273ADf0R":{"registrationId":2036257721,"currentRatchet":{"ephemeralKeyPair":{"pubKey":"BYXQQ1yMDCHicgYIU5U6q2P6i3+pFvt19xHBbz9Ob+xg","privKey":"sI/c9F9u5QFA1HyuR8oVRGDzyx8cbox1DzmCYumQgW0="},"lastRemoteEphemeralKey":"BSA8ek+um0KE729iq8P7RsASkXSgkK89UpGUGWyGYn92","previousCounter":0,"rootKey":"N2qnXp/Zy6vljTF8pnXv93ZHrtzwE7VccjrRxnbCRh0="},"indexInfo":{"baseKey":"BbwHur8mC05r6KMvRSlu00HN+w+XCr7n4ToM273ADf0R","baseKeyType":1,"closed":-1,"used":1686138803737,"created":1686138803737,"remoteIdentityKey":"BePgt2/NmIqQJLtbilR+9mGMp0GSGgjYRTWGFE8xVLc5"},"_chains":{"BYXQQ1yMDCHicgYIU5U6q2P6i3+pFvt19xHBbz9Ob+xg":{"chainKey":{"counter":263,"key":"fXfWF14TScLHrerGK0uSxtub602aQQAdLjc5RHudzXE="},"chainType":1,"messageKeys":{}}},"pendingPreKey":{"signedKeyId":0,"baseKey":"BbwHur8mC05r6KMvRSlu00HN+w+XCr7n4ToM273ADf0R"}}},"version":"v1"}