{"_sessions":{"BRAHC5jTX+h3heG4f1jS5684XJbeEl8B/TKmPD1qS0Ub":{"registrationId":2002862868,"currentRatchet":{"ephemeralKeyPair":{"pubKey":"BSCYfU/hArcl518kkC8tr737Z0TcC6oaKmj+xg8s2b9Z","privKey":"iG1JdZhNi2hAANUUi0jd8W9a3wJ5I6HWzh+qBs3LwVE="},"lastRemoteEphemeralKey":"BStl0B/tVnjJxMk4P7xko2xJKrV+SdHogBVtHK1TkEo8","previousCounter":0,"rootKey":"6j5PZRzSSQMmqMu9z1wbjNCS+kUARonE0PcsrhyCtJs="},"indexInfo":{"baseKey":"BRAHC5jTX+h3heG4f1jS5684XJbeEl8B/TKmPD1qS0Ub","baseKeyType":1,"closed":-1,"used":1686138800040,"created":1686138800040,"remoteIdentityKey":"BYl/UetUGnWWE0HKN0Q7DcC5h93qISd8EVoOYAy5FqBb"},"_chains":{"BSCYfU/hArcl518kkC8tr737Z0TcC6oaKmj+xg8s2b9Z":{"chainKey":{"counter":263,"key":"PGVpdBGzEHU92uYKqEPEFKu2LImIHBL5GZXnLcUvO3I="},"chainType":1,"messageKeys":{}}},"pendingPreKey":{"signedKeyId":0,"baseKey":"BRAHC5jTX+h3heG4f1jS5684XJbeEl8B/TKmPD1qS0Ub"}}},"version":"v1"}