{"_sessions":{"BbrNs/2z/P6vGbdmNfsUMDwkxV81CwJCGnjydf/Xcn0p":{"registrationId":375185332,"currentRatchet":{"ephemeralKeyPair":{"pubKey":"BZDmq0YZS3fL6oxUPSbX+AkM9YUrqigneqy7NLzaSsVp","privKey":"YC81SIk7VnBi+9WSzN993hRo8OPo/rhcPLz+YFDrD1I="},"lastRemoteEphemeralKey":"Bdh9p3YSo53tdd6HFSk6kHWDq+VCF/H+v1odeVXB8Scy","previousCounter":0,"rootKey":"dSO42/PpB312Nv4mqcR4OMinodfYV6NRAea5e0WNjNE="},"indexInfo":{"baseKey":"BbrNs/2z/P6vGbdmNfsUMDwkxV81CwJCGnjydf/Xcn0p","baseKeyType":1,"closed":-1,"used":1686138800921,"created":1686138800921,"remoteIdentityKey":"BUHB4xKkU253189hVCv4IdfhMQA3R1AElPsEBg4wvjoq"},"_chains":{"BZDmq0YZS3fL6oxUPSbX+AkM9YUrqigneqy7NLzaSsVp":{"chainKey":{"counter":263,"key":"LM82BUMxNrhiv4/UU1UhhluhKjxTfpMF88Eu8J1qvJc="},"chainType":1,"messageKeys":{}}},"pendingPreKey":{"signedKeyId":0,"baseKey":"BbrNs/2z/P6vGbdmNfsUMDwkxV81CwJCGnjydf/Xcn0p","preKeyId":16760556}}},"version":"v1"}