{"_sessions":{"BcUTyEt3PQ2IOLdaLJX0lAq0jkAxmgufT+mmyW3IqjoS":{"registrationId":20335611,"currentRatchet":{"ephemeralKeyPair":{"pubKey":"BYXm88uNVfTGOEVs/aETzfJ4BlXMSjdV5mr3utx2mGg5","privKey":"mL9hMf27r2dihNzhYD95wnduzw+1EY/bMF0IVnoyiXc="},"lastRemoteEphemeralKey":"BX4Safy9mr7D/JEUR9mKnNbBpI9aFOGel0Lr9c4f/bxy","previousCounter":0,"rootKey":"yh1ddBwz5Zf1LHR65BZRDbNTB0m2+kAyce+fNpLjN5s="},"indexInfo":{"baseKey":"BcUTyEt3PQ2IOLdaLJX0lAq0jkAxmgufT+mmyW3IqjoS","baseKeyType":1,"closed":-1,"used":1686138802571,"created":1686138802571,"remoteIdentityKey":"BfDAFdE1OHjc+CPvindC9h2kPfJ/JoiCgOtlL5PSDDE/"},"_chains":{"BYXm88uNVfTGOEVs/aETzfJ4BlXMSjdV5mr3utx2mGg5":{"chainKey":{"counter":263,"key":"xBMo1AiFhKWumo9qOPl0C7nmY/XxEj78JzFAbRUH3LM="},"chainType":1,"messageKeys":{}}},"pendingPreKey":{"signedKeyId":7,"baseKey":"BcUTyEt3PQ2IOLdaLJX0lAq0jkAxmgufT+mmyW3IqjoS"}}},"version":"v1"}