{"_sessions":{"BbzGv8QDd2M1fVl8qZBrShePGxdtOHwBYakmvgzp9NgK":{"registrationId":1842296448,"currentRatchet":{"ephemeralKeyPair":{"pubKey":"BUIOm+CHh0L77YWkrY8KDqXYbeT45iYJ9SjxHzDMxgl4","privKey":"qD6Kf8kLPB71Tw0SXBgnjBuxy+esgVOAfChHjd6iIGs="},"lastRemoteEphemeralKey":"BZBG9UeuJnFvFkpNYjhRyPKtD1kze0FjwDUoaTS2GxVi","previousCounter":0,"rootKey":"U+D31+KGnq0Iukn1gfl22OCSFnmH+B4c1tsISzajT4Q="},"indexInfo":{"baseKey":"BbzGv8QDd2M1fVl8qZBrShePGxdtOHwBYakmvgzp9NgK","baseKeyType":1,"closed":-1,"used":1686138802011,"created":1686138802011,"remoteIdentityKey":"Bc4FHxpuYZXXYpt9i+nSNaRbB8bAajpw0PTyQQN3W7kZ"},"_chains":{"BUIOm+CHh0L77YWkrY8KDqXYbeT45iYJ9SjxHzDMxgl4":{"chainKey":{"counter":263,"key":"Z9kuJ+UWd31j1/9vItT0Zypz45XckzzUwDz7zwvoi74="},"chainType":1,"messageKeys":{}}},"pendingPreKey":{"signedKeyId":0,"baseKey":"BbzGv8QDd2M1fVl8qZBrShePGxdtOHwBYakmvgzp9NgK","preKeyId":3819390}}},"version":"v1"}