{"_sessions":{"BY5Wqc0C75LvvZ+zWmKlUibIisekeDyyw+f45LQQSA4B":{"registrationId":812270652,"currentRatchet":{"ephemeralKeyPair":{"pubKey":"BQxq9DcshV27Vy3YmDAO7cpTAfknRe7QtNuj/E7uJj8u","privKey":"yJNYUcrjKgP6/J3CuniOWiw/BcclbVRg4TodOXTGfkY="},"lastRemoteEphemeralKey":"BdTyKBnsGxmOjF2enQvSF27QsWN23dvxrmgABPjC+l0L","previousCounter":0,"rootKey":"7TdPE6EogJdSQnvriDwq3/GncxLS2WY4gKHXwdOBtYA="},"indexInfo":{"baseKey":"BY5Wqc0C75LvvZ+zWmKlUibIisekeDyyw+f45LQQSA4B","baseKeyType":1,"closed":1686140246671,"used":1686138801419,"created":1686138801419,"remoteIdentityKey":"BTzeQ1ycT+B030oUQYOVAGfXRMaAfeEf/sVyiJCXoEl0"},"_chains":{"BQxq9DcshV27Vy3YmDAO7cpTAfknRe7QtNuj/E7uJj8u":{"chainKey":{"counter":125,"key":"Vn4nbGKH2fmKWr1udiCTYpc8HtH3qLNFx6vXHFVgiws="},"chainType":1,"messageKeys":{}}},"pendingPreKey":{"signedKeyId":1,"baseKey":"BY5Wqc0C75LvvZ+zWmKlUibIisekeDyyw+f45LQQSA4B","preKeyId":8462452}},"BaxwlkJcAx3Je63o6mymyshphoswQn/70GcXfUI/QSx0":{"registrationId":812270652,"currentRatchet":{"ephemeralKeyPair":{"pubKey":"BZHsnO+bcVqt7TebeAbGHBRntHGgM3CT2wLHDEA1Aho+","privKey":"4K+168mUgfuDMd3GAQ6yzsYGQe2X0Q8c4UjtGp6o4X0="},"lastRemoteEphemeralKey":"BdTyKBnsGxmOjF2enQvSF27QsWN23dvxrmgABPjC+l0L","previousCounter":0,"rootKey":"bOnjfQYokHjSVAavDXF/Q5EDppPodbFyvl2iCNQTcwg="},"indexInfo":{"baseKey":"BaxwlkJcAx3Je63o6mymyshphoswQn/70GcXfUI/QSx0","baseKeyType":1,"closed":-1,"used":1686140246642,"created":1686140246642,"remoteIdentityKey":"BTzeQ1ycT+B030oUQYOVAGfXRMaAfeEf/sVyiJCXoEl0"},"_chains":{"BZHsnO+bcVqt7TebeAbGHBRntHGgM3CT2wLHDEA1Aho+":{"chainKey":{"counter":137,"key":"UW8rId2dcep6d+4gxxEmMznoXDV+CzUgdbBMbf5kS2w="},"chainType":1,"messageKeys":{}}},"pendingPreKey":{"signedKeyId":1,"baseKey":"BaxwlkJcAx3Je63o6mymyshphoswQn/70GcXfUI/QSx0","preKeyId":8462454}}},"version":"v1"}