{"_sessions":{"BRkJjzfqh48OKQrm9PGwzeMeINopb/TkJvRM440twYhD":{"registrationId":669,"currentRatchet":{"ephemeralKeyPair":{"pubKey":"Bdf4OClbiwExMBWAGyzppHePuOMOX9QbuHIZQXGFxKVi","privKey":"APiLYPpQISnQmEIe2PEN3WW7JzZL3z39L0LyU2loknE="},"lastRemoteEphemeralKey":"BTXl7jOTVpINFDiMpeUE1RqnqVSpmVYMQTxqJBMMqDpQ","previousCounter":0,"rootKey":"LUIDsuP7bkLm3vBW9o1nK4Ri0c3jDFjFAy4cad0mVBQ="},"indexInfo":{"baseKey":"BRkJjzfqh48OKQrm9PGwzeMeINopb/TkJvRM440twYhD","baseKeyType":1,"closed":1686140440052,"used":1686138796001,"created":1686138796001,"remoteIdentityKey":"BQS8yGMCTMKaJcIgsV2mpSgxQ/OVDfBU9DohWXWc93hB"},"_chains":{"Bdf4OClbiwExMBWAGyzppHePuOMOX9QbuHIZQXGFxKVi":{"chainKey":{"counter":127,"key":"PO/Hr+eL42AsEve+trAIUPGcS9fhgaVpAR9DmCKpHK0="},"chainType":1,"messageKeys":{}}},"pendingPreKey":{"signedKeyId":1,"baseKey":"BRkJjzfqh48OKQrm9PGwzeMeINopb/TkJvRM440twYhD"}},"BRuxZIVO/91uaq66+EtJG2ahm2bksJptqSZy7djZ9ktU":{"registrationId":669,"currentRatchet":{"ephemeralKeyPair":{"pubKey":"BXFq2XG1tIJ7mx/ERwyRiUY+TxefNISJwykZby+cM0hj","privKey":"yFrX/Of1XKrUm1LRHscVMOvO/pHALwm3PL1BkKFV9GQ="},"lastRemoteEphemeralKey":"BTXl7jOTVpINFDiMpeUE1RqnqVSpmVYMQTxqJBMMqDpQ","previousCounter":0,"rootKey":"b06A7kHSe9/USqqROd0VBYqopHoOwlwgRmIorE3lZFo="},"indexInfo":{"baseKey":"BRuxZIVO/91uaq66+EtJG2ahm2bksJptqSZy7djZ9ktU","baseKeyType":1,"closed":-1,"used":1686140440023,"created":1686140440023,"remoteIdentityKey":"BQS8yGMCTMKaJcIgsV2mpSgxQ/OVDfBU9DohWXWc93hB"},"_chains":{"BXFq2XG1tIJ7mx/ERwyRiUY+TxefNISJwykZby+cM0hj":{"chainKey":{"counter":136,"key":"EUKURPfEdcvRsRXgewcgW1fv8G4ud3geR1aYA+7m8lg="},"chainType":1,"messageKeys":{}}},"pendingPreKey":{"signedKeyId":1,"baseKey":"BRuxZIVO/91uaq66+EtJG2ahm2bksJptqSZy7djZ9ktU"}}},"version":"v1"}