{"_sessions":{"BYrVCiT25NrvxFrTlZjKAQTtsRMfDfLbJLYxkK7MxXF8":{"registrationId":1638765770,"currentRatchet":{"ephemeralKeyPair":{"pubKey":"BXaeFYXUwRMYQMU6cDtRSTf/UJ+XKvQgTw0d1iwtdbJT","privKey":"IFUSu4Z0v3K2CUw6eWSlI8uhAtcxqzvjCPwwh7erAmI="},"lastRemoteEphemeralKey":"BTl5ExVnwC8I/2u03Npjh1g3dybf2dQxMA7DRp6Z7yYo","previousCounter":0,"rootKey":"+EbhgAMZCmDdM3ss34KEcPXTCpPXs5oc2uPSQYapDpo="},"indexInfo":{"baseKey":"BYrVCiT25NrvxFrTlZjKAQTtsRMfDfLbJLYxkK7MxXF8","baseKeyType":1,"closed":-1,"used":1686138798756,"created":1686138798756,"remoteIdentityKey":"BVhwzOvfnts2RSVTBSPSlArf5MycLPmrQoUSoc9B3XlR"},"_chains":{"BXaeFYXUwRMYQMU6cDtRSTf/UJ+XKvQgTw0d1iwtdbJT":{"chainKey":{"counter":263,"key":"5NJz4Q2sztfEcvqRIAVSVS6dw4Jx0RkZJX5QP/OX65k="},"chainType":1,"messageKeys":{}}},"pendingPreKey":{"signedKeyId":0,"baseKey":"BYrVCiT25NrvxFrTlZjKAQTtsRMfDfLbJLYxkK7MxXF8"}}},"version":"v1"}