{"_sessions":{"BSccnIx9kyiRvQWgrBR85r8DhisGi1o3DC6hoOUSmZdZ":{"registrationId":942434566,"currentRatchet":{"ephemeralKeyPair":{"pubKey":"BSMc2Tn8vQkCpU0oZ+Oa/VX7amCa0wZyuBRQ39qhLQNZ","privKey":"EF1hldYuoVn671JZTwAU6x50IF6gKbOq72oYU4y5XVQ="},"lastRemoteEphemeralKey":"BYQ4sF6lO9y33LCiZCGr6S+0IuuHD4KvCYieMl8OZTok","previousCounter":0,"rootKey":"udhAPj6GN/VJvlRA6IXTsYcU9u1CB6s9LAAeIB+LwDY="},"indexInfo":{"baseKey":"BSccnIx9kyiRvQWgrBR85r8DhisGi1o3DC6hoOUSmZdZ","baseKeyType":1,"closed":1686139441149,"used":1686138802145,"created":1686138802145,"remoteIdentityKey":"BaZd+x7jnsv6s+VDnyWQI8+Jp19ElfxvYxjBI1K1W80V"},"_chains":{"BSMc2Tn8vQkCpU0oZ+Oa/VX7amCa0wZyuBRQ39qhLQNZ":{"chainKey":{"counter":58,"key":"sr5DvJPqIj2x1ZN0wyMTF04nr9XCwQ5jeAp4ItPMiKM="},"chainType":1,"messageKeys":{}}},"pendingPreKey":{"signedKeyId":0,"baseKey":"BSccnIx9kyiRvQWgrBR85r8DhisGi1o3DC6hoOUSmZdZ","preKeyId":10112263}},"BQdsK1pQF+2g4B5/vsuDuatH+8pRjPfDJGuUegLOUTIr":{"registrationId":942434566,"currentRatchet":{"ephemeralKeyPair":{"pubKey":"BdVRMG97CI+XaXkYJBdqfG3xWkCf6yj9C3RIlHad6xNk","privKey":"APrkG6bhfxSqh4lXl4Ivv6KrlOZuILUjj27Lm2SoYmw="},"lastRemoteEphemeralKey":"BYQ4sF6lO9y33LCiZCGr6S+0IuuHD4KvCYieMl8OZTok","previousCounter":0,"rootKey":"Z39unS+R9bDhO2WwQpbu/x8NDRg9F14GGJbESqpquzY="},"indexInfo":{"baseKey":"BQdsK1pQF+2g4B5/vsuDuatH+8pRjPfDJGuUegLOUTIr","baseKeyType":1,"closed":-1,"used":1686139441082,"created":1686139441082,"remoteIdentityKey":"BaZd+x7jnsv6s+VDnyWQI8+Jp19ElfxvYxjBI1K1W80V"},"_chains":{"BdVRMG97CI+XaXkYJBdqfG3xWkCf6yj9C3RIlHad6xNk":{"chainKey":{"counter":204,"key":"ZD9qZ8lgojaUk9KKe3QCCPpohfC4gN6kbSZAEgO3YYo="},"chainType":1,"messageKeys":{}}},"pendingPreKey":{"signedKeyId":0,"baseKey":"BQdsK1pQF+2g4B5/vsuDuatH+8pRjPfDJGuUegLOUTIr","preKeyId":10112826}}},"version":"v1"}