{"_sessions":{"BW9hKsWzXnsMsMMbIO7rZH4o3oYqZs2dC/J5fC80p1Yb":{"registrationId":1049984774,"currentRatchet":{"ephemeralKeyPair":{"pubKey":"BZYxdvGBWORbPkA91Q0b3PPxeg/NqG17oQUwHh6UH9gp","privKey":"+Jybq4hnOLzb9BjWUjB00y9wBCgyCdwQciVvvJSvgkQ="},"lastRemoteEphemeralKey":"Bcu8t0T/usiuXghOu247SzzuQ7a5kRUqgjykw5mPqJ5/","previousCounter":0,"rootKey":"LLjueX/jobXdojgrEa0cy23wpjW+p7oAqRp78zjZOwg="},"indexInfo":{"baseKey":"BW9hKsWzXnsMsMMbIO7rZH4o3oYqZs2dC/J5fC80p1Yb","baseKeyType":1,"closed":-1,"used":1686138797277,"created":1686138797277,"remoteIdentityKey":"BbENGhPL/O/WADpzQLXeea0nteaYFme6HFO9md5BwGBc"},"_chains":{"BZYxdvGBWORbPkA91Q0b3PPxeg/NqG17oQUwHh6UH9gp":{"chainKey":{"counter":263,"key":"UWnSifc1EEl6q9eJQ9+0Gk11GyEakGFwA8hddiSceBc="},"chainType":1,"messageKeys":{}}},"pendingPreKey":{"signedKeyId":2,"baseKey":"BW9hKsWzXnsMsMMbIO7rZH4o3oYqZs2dC/J5fC80p1Yb","preKeyId":991123}}},"version":"v1"}