{"_sessions":{"BfyQqbErtRWRSfXdqBPdwfztPnoy8MYcqtQ734GCj591":{"registrationId":55,"currentRatchet":{"ephemeralKeyPair":{"pubKey":"BaqwuMCdMO+HiWaZtfHh8jezd+kVz6Giah7vih6MoMg8","privKey":"UMDY4+sWCed7+N8PFJGuxFSsI3H6J8ymz6eo7QJgrWM="},"lastRemoteEphemeralKey":"BW038tkIl367wQ7ptmiEx9gwkL4m0IlcQvBXvvLF2y5j","previousCounter":0,"rootKey":"bJ/irVEkmbXIepblFR3/+uD3RMKA5enup8ZAzxPdOq4="},"indexInfo":{"baseKey":"BfyQqbErtRWRSfXdqBPdwfztPnoy8MYcqtQ734GCj591","baseKeyType":1,"closed":-1,"used":1686138796792,"created":1686138796792,"remoteIdentityKey":"BSBHxJGJPUxJ7cH0bqDmr2L5CuLhoWYBBqwTksex+dg0"},"_chains":{"BaqwuMCdMO+HiWaZtfHh8jezd+kVz6Giah7vih6MoMg8":{"chainKey":{"counter":263,"key":"HgbGoqDOY2CUXdkquggUHXSBepCPD6a6FBCqJJgyJ28="},"chainType":1,"messageKeys":{}}},"pendingPreKey":{"signedKeyId":1,"baseKey":"BfyQqbErtRWRSfXdqBPdwfztPnoy8MYcqtQ734GCj591"}}},"version":"v1"}