{"_sessions":{"BQraQChmLNRsvEPSVrD1gMKQa3ZMZmjNaVlAFGHUo/0P":{"registrationId":1591680883,"currentRatchet":{"ephemeralKeyPair":{"pubKey":"BSvOk1i0+Tgjd7OGwDQBcGRRhE5idyASuOeMSD5utIQN","privKey":"cKpupErCFgQ6eoHkeG4P74QJVF0kwTU5ITYlF9TM2Eg="},"lastRemoteEphemeralKey":"BZ6FA0rzK3xsjYTWu/0f4T8zzQPDhAzihfXKMYF9YT4T","previousCounter":0,"rootKey":"yQUKIrq8IGa2uA5Wig1+9oeBpWoVGRj3mPdMylfr7D0="},"indexInfo":{"baseKey":"BQraQChmLNRsvEPSVrD1gMKQa3ZMZmjNaVlAFGHUo/0P","baseKeyType":1,"closed":-1,"used":1686138801124,"created":1686138801124,"remoteIdentityKey":"Ba1gccKivC+1tI/kRjzEnL9StQ0PI+QOCtMna96Z63sI"},"_chains":{"BSvOk1i0+Tgjd7OGwDQBcGRRhE5idyASuOeMSD5utIQN":{"chainKey":{"counter":263,"key":"V22V2Jxq/wbHn+Kj/KA+7T8HYqnMC1udbWOJY+ypsqc="},"chainType":1,"messageKeys":{}}},"pendingPreKey":{"signedKeyId":1,"baseKey":"BQraQChmLNRsvEPSVrD1gMKQa3ZMZmjNaVlAFGHUo/0P"}}},"version":"v1"}