{"_sessions":{"BYjPMi0eq9s3ynVgvlGiwqcF+1ZqA4VVCY71wCNht8k8":{"registrationId":184,"currentRatchet":{"ephemeralKeyPair":{"pubKey":"BT6fMR+uCtp551e/aD3yFgvOdYIWsJHXOjTaIpqVj01I","privKey":"aK/c3qocNNMdy+3G6dMEduxGXDNpVcLywy3X9tPz2ko="},"lastRemoteEphemeralKey":"BfEEiprwJmMhbgRYFqZBKDpkjl9LF069JkDtyiDAI+4V","previousCounter":0,"rootKey":"/d5z/9A1VRvM3WZp6N48Z53xu9PYYYmjgNBsWHTDXUU="},"indexInfo":{"baseKey":"BYjPMi0eq9s3ynVgvlGiwqcF+1ZqA4VVCY71wCNht8k8","baseKeyType":1,"closed":-1,"used":1686138795653,"created":1686138795653,"remoteIdentityKey":"BTToQa+q9QcyHmovPaBGcq3XlHI4hwOngFdUyjnCOUIi"},"_chains":{"BT6fMR+uCtp551e/aD3yFgvOdYIWsJHXOjTaIpqVj01I":{"chainKey":{"counter":263,"key":"DPS1LJj7ffjXmnjSmMZeQva+DY8ufj8QpipwDze0HbI="},"chainType":1,"messageKeys":{}}},"pendingPreKey":{"signedKeyId":1,"baseKey":"BYjPMi0eq9s3ynVgvlGiwqcF+1ZqA4VVCY71wCNht8k8"}}},"version":"v1"}