{"_sessions":{"BeEGyTZW/aO5ICs8L1/qal0TIlf/IYKc80FJuPGb2bsu":{"registrationId":253,"currentRatchet":{"ephemeralKeyPair":{"pubKey":"BXAtyZ062dQFv1HaT+e/5tdhKH1AG118WvvH57Qb+k9+","privKey":"cEfVLZ1+XQaycO0S+ij1m6tvUzpAfRDRRlUSGbjT6G8="},"lastRemoteEphemeralKey":"BWZLz529J/wALLlsG5Lgbz92doNfAr8bnlIZKA0IKl1a","previousCounter":0,"rootKey":"dkghtzHewWuEc1s98qXf2fbnxdvaQOf5qu7eQvxdzaU="},"indexInfo":{"baseKey":"BeEGyTZW/aO5ICs8L1/qal0TIlf/IYKc80FJuPGb2bsu","baseKeyType":1,"closed":-1,"used":1686138796241,"created":1686138796241,"remoteIdentityKey":"BRueMVaNCByvl8ysChtlgVtiWORjeMl74IewIe+LaS8D"},"_chains":{"BXAtyZ062dQFv1HaT+e/5tdhKH1AG118WvvH57Qb+k9+":{"chainKey":{"counter":263,"key":"8m8MLuUmUTuUl9m3QumYSvekyzHWeC4RO5Pj5125x1U="},"chainType":1,"messageKeys":{}}},"pendingPreKey":{"signedKeyId":1,"baseKey":"BeEGyTZW/aO5ICs8L1/qal0TIlf/IYKc80FJuPGb2bsu"}}},"version":"v1"}