{"_sessions":{"BZOgOv4TtQUXgomM5RPG8UHM3omizdfhi+NzMP9hrT00":{"registrationId":157,"currentRatchet":{"ephemeralKeyPair":{"pubKey":"BdKKF+NYuviIOzfDV+Ci8C593bsuQiY5pzElAYAcDbJA","privKey":"0BnWSMvmSD3bODiruCT3j++O9QpI0oGGCyStZtfzC0Q="},"lastRemoteEphemeralKey":"BZ1ulUOJ7nVefLo4xWjFBbnLCamUpoNeBbsHjxD/sFAl","previousCounter":0,"rootKey":"TvUseS7uaelmEhTNdHx8DnxrGOVx9QYIlota/mfkR+Q="},"indexInfo":{"baseKey":"BZOgOv4TtQUXgomM5RPG8UHM3omizdfhi+NzMP9hrT00","baseKeyType":1,"closed":-1,"used":1686138795547,"created":1686138795547,"remoteIdentityKey":"BfDoBNN0vaJWH54gzFYxnCrDirCe6a06c9h2tKi0apRa"},"_chains":{"BdKKF+NYuviIOzfDV+Ci8C593bsuQiY5pzElAYAcDbJA":{"chainKey":{"counter":263,"key":"yMf/yK7FQm6ojOSazEM5WjRb7/s8BW+f263nROR8d+Y="},"chainType":1,"messageKeys":{}}},"pendingPreKey":{"signedKeyId":1,"baseKey":"BZOgOv4TtQUXgomM5RPG8UHM3omizdfhi+NzMP9hrT00"}}},"version":"v1"}