{"_sessions":{"BVnfnD/dMU2jtNDRxP7klD5RYhkpmLGMZAojIswucc81":{"registrationId":366427283,"currentRatchet":{"ephemeralKeyPair":{"pubKey":"BbDkHfENlQ6xH6RPiSb2M/w8t0qXIKTC1eb0uvmZsxNd","privKey":"yH7keB+6BZgZlWoxhZlDBVq/99W+3e1/Ggenq55KXW0="},"lastRemoteEphemeralKey":"BeQRKjnQrNHFx1dFG0TBkaItxfa22UChy8CDXpLq9Qc5","previousCounter":0,"rootKey":"I9cy7smQizQohuukH5H2CcXn/rW8VQkfXeyTewKkfW8="},"indexInfo":{"baseKey":"BVnfnD/dMU2jtNDRxP7klD5RYhkpmLGMZAojIswucc81","baseKeyType":1,"closed":1686139090924,"used":1686138796658,"created":1686138796658,"remoteIdentityKey":"Bdpu4TNQz2HbVLCO3fHKhv5Y3x0W5TKrpzMkf3L6E0ti"},"_chains":{"BbDkHfENlQ6xH6RPiSb2M/w8t0qXIKTC1eb0uvmZsxNd":{"chainKey":{"counter":3,"key":"h1eq6eMxg/d9l2bFCgRncAse7F7fpX+92NI7tPU+yUs="},"chainType":1,"messageKeys":{}}},"pendingPreKey":{"signedKeyId":1,"baseKey":"BVnfnD/dMU2jtNDRxP7klD5RYhkpmLGMZAojIswucc81","preKeyId":8661973}},"BWiO1aPXM/n/hHGSY/NFYiR6a+/1fyMGcCC2fTf4t0kM":{"registrationId":366427283,"currentRatchet":{"ephemeralKeyPair":{"pubKey":"BU14tycSlKFmQ0sDVvlXTKQgHLsRH3EGTl+KJpms8DxX","privKey":"wF738YfDgmYl4GwnaZ5w+wI1FWZtJTFW91xuyftOqmo="},"lastRemoteEphemeralKey":"BeQRKjnQrNHFx1dFG0TBkaItxfa22UChy8CDXpLq9Qc5","previousCounter":0,"rootKey":"hMNlan8W45Iynj21MXO8m21VlcqWzvmL2hy6hgS6lL0="},"indexInfo":{"baseKey":"BWiO1aPXM/n/hHGSY/NFYiR6a+/1fyMGcCC2fTf4t0kM","baseKeyType":1,"closed":-1,"used":1686139090893,"created":1686139090893,"remoteIdentityKey":"Bdpu4TNQz2HbVLCO3fHKhv5Y3x0W5TKrpzMkf3L6E0ti"},"_chains":{"BU14tycSlKFmQ0sDVvlXTKQgHLsRH3EGTl+KJpms8DxX":{"chainKey":{"counter":260,"key":"arf8R2fchfwBmjYFYXL6td/pudUWva1wWGBAPFj7kcQ="},"chainType":1,"messageKeys":{}}},"pendingPreKey":{"signedKeyId":1,"baseKey":"BWiO1aPXM/n/hHGSY/NFYiR6a+/1fyMGcCC2fTf4t0kM","preKeyId":8661539}}},"version":"v1"}