{"_sessions":{"BUSZ0rmUpavUSuko0yrZfed710o6/uycOzz209cYBNJp":{"registrationId":1344448343,"currentRatchet":{"ephemeralKeyPair":{"pubKey":"BWCQSaiH+cO90LMLYMRgBcyGTRfaK3k6phwusJX1M75l","privKey":"cOnP0Syrsnvdigo6ZeI85LIU5CoemOfM17d8x6U8VkQ="},"lastRemoteEphemeralKey":"BXY8Y99UaMCbvusT0G9P+8N5ufTiwQtsf2WGkkGkMpIz","previousCounter":0,"rootKey":"H1BPUTzGkBcek9lF8HNy8mwzdVrw1bHIegYvG2KYeOA="},"indexInfo":{"baseKey":"BUSZ0rmUpavUSuko0yrZfed710o6/uycOzz209cYBNJp","baseKeyType":1,"closed":-1,"used":1686138799437,"created":1686138799437,"remoteIdentityKey":"BeeftubPCMutMxfB7CLDR+IC6Vg9NYPYjK+gLidOlBsv"},"_chains":{"BWCQSaiH+cO90LMLYMRgBcyGTRfaK3k6phwusJX1M75l":{"chainKey":{"counter":263,"key":"kYt9RYzgT7jKpEwN2UkCR3JIcgFVkYvIKyOXASGyPNQ="},"chainType":1,"messageKeys":{}}},"pendingPreKey":{"signedKeyId":0,"baseKey":"BUSZ0rmUpavUSuko0yrZfed710o6/uycOzz209cYBNJp"}}},"version":"v1"}