{"_sessions":{"BRn0AUscdDTtqfdk7BO3pCf78ODlTp6tv4wOxKnWd0UB":{"registrationId":645004840,"currentRatchet":{"ephemeralKeyPair":{"pubKey":"BSlFcHW0ZdyGl6/X+OKy8xw3HIY3tSedcEKI/Qet1zxd","privKey":"IEfRtgmfRTBiE/BczWOLLD0MgcZ+CxrKDz56xaytLV8="},"lastRemoteEphemeralKey":"BcFgh8nRC00DUAqXRcsc5HH5QaN4PCHE1it8DTfbYIF3","previousCounter":0,"rootKey":"NR/Px7AobR89C7oqr+UQbJxarYk4hINZ6u3gAag607c="},"indexInfo":{"baseKey":"BRn0AUscdDTtqfdk7BO3pCf78ODlTp6tv4wOxKnWd0UB","baseKeyType":1,"closed":1686141010737,"used":1686138799469,"created":1686138799469,"remoteIdentityKey":"BQr6nyQb2SSqiv47zgGzER/duzqASPpBmHQWmfNWywMC"},"_chains":{"BSlFcHW0ZdyGl6/X+OKy8xw3HIY3tSedcEKI/Qet1zxd":{"chainKey":{"counter":147,"key":"JV9YrDw9aXIBY6zy0kZ+bU//20DXCqNDq114Msk4moQ="},"chainType":1,"messageKeys":{}}},"pendingPreKey":{"signedKeyId":17,"baseKey":"BRn0AUscdDTtqfdk7BO3pCf78ODlTp6tv4wOxKnWd0UB","preKeyId":5201711}},"BWP2w6PpQq0BdsQxkuvjGuYLD3abGZ+spAryshlHbPM0":{"registrationId":645004840,"currentRatchet":{"ephemeralKeyPair":{"pubKey":"BSpiqeyRRJjGnUd5LvIVvR1c68Jp0/qk90u5TtWpd4IE","privKey":"MFelwy5OPFlh/sE4hO4aXscWCt4Qh25WVLGs3XJj/0M="},"lastRemoteEphemeralKey":"BcFgh8nRC00DUAqXRcsc5HH5QaN4PCHE1it8DTfbYIF3","previousCounter":0,"rootKey":"eg3TGPW9TZGkHQVNrweDwlz6/e0JLTUcDL1WgnbHD+E="},"indexInfo":{"baseKey":"BWP2w6PpQq0BdsQxkuvjGuYLD3abGZ+spAryshlHbPM0","baseKeyType":1,"closed":-1,"used":1686141010684,"created":1686141010684,"remoteIdentityKey":"BQr6nyQb2SSqiv47zgGzER/duzqASPpBmHQWmfNWywMC"},"_chains":{"BSpiqeyRRJjGnUd5LvIVvR1c68Jp0/qk90u5TtWpd4IE":{"chainKey":{"counter":115,"key":"m+cLqnC4uj84ciS8tT6r+mjQk3/5DO3qIYRAnIpvNaQ="},"chainType":1,"messageKeys":{}}},"pendingPreKey":{"signedKeyId":17,"baseKey":"BWP2w6PpQq0BdsQxkuvjGuYLD3abGZ+spAryshlHbPM0","preKeyId":5201261}}},"version":"v1"}