{"_sessions":{"BWmviV/BG+9AyZdzRALMMoqsmFsUHWXT4RNTJiJcgHUZ":{"registrationId":194,"currentRatchet":{"ephemeralKeyPair":{"pubKey":"BSHNwSw+DUKZWZFs0P5HnkS6ur87tRqIh21BMjIq3gJB","privKey":"OO0hp9ULPZpSOytYOe6nN30nVVXIAh/7FvX3IP55Kks="},"lastRemoteEphemeralKey":"BXvERC5nzR4VM1+W42i/09u1d/sqCnOccCxX33ixTV4d","previousCounter":0,"rootKey":"lPiuI1A2o4zWtV9mF4EOyn1plfCgmcPXdeAA59ah93w="},"indexInfo":{"baseKey":"BWmviV/BG+9AyZdzRALMMoqsmFsUHWXT4RNTJiJcgHUZ","baseKeyType":1,"closed":1686139955543,"used":1686138796728,"created":1686138796728,"remoteIdentityKey":"BZ4Fxbl7l2I3MyIAbqwQhxaP12lrAhgZYdHGwHNT8Vwt"},"_chains":{"BSHNwSw+DUKZWZFs0P5HnkS6ur87tRqIh21BMjIq3gJB":{"chainKey":{"counter":109,"key":"LI1tif2x92n0tgC+aDTEhFnzA+C4LyndzcbsmLw2xkg="},"chainType":1,"messageKeys":{}}},"pendingPreKey":{"signedKeyId":1,"baseKey":"BWmviV/BG+9AyZdzRALMMoqsmFsUHWXT4RNTJiJcgHUZ","preKeyId":186}},"BYD1hWc0TLTe8vqPNYHAFSnlKesKOeTuxGyCZVJEFEYu":{"registrationId":194,"currentRatchet":{"ephemeralKeyPair":{"pubKey":"BbsiVyfWb6OfOQm4RoLAqfS/FLbGd5gmsxJhKpjCVi94","privKey":"CMH86waVU4MOaCIaiJQxHoA/8a8U3CuXAaTywCmeGXM="},"lastRemoteEphemeralKey":"BXvERC5nzR4VM1+W42i/09u1d/sqCnOccCxX33ixTV4d","previousCounter":0,"rootKey":"xhxn4elI7D7aIKA0t1jJ7gEOINX34+5FKYMdXf2/0Fg="},"indexInfo":{"baseKey":"BYD1hWc0TLTe8vqPNYHAFSnlKesKOeTuxGyCZVJEFEYu","baseKeyType":1,"closed":1686139962993,"used":1686139955529,"created":1686139955529,"remoteIdentityKey":"BZ4Fxbl7l2I3MyIAbqwQhxaP12lrAhgZYdHGwHNT8Vwt"},"_chains":{"BbsiVyfWb6OfOQm4RoLAqfS/FLbGd5gmsxJhKpjCVi94":{"chainKey":{"counter":0,"key":"jn7tvrklg96n0r3XlGLQQ1G0y2RFsdApFw0eC7pSqTM="},"chainType":1,"messageKeys":{}}},"pendingPreKey":{"signedKeyId":1,"baseKey":"BYD1hWc0TLTe8vqPNYHAFSnlKesKOeTuxGyCZVJEFEYu","preKeyId":312}},"BVIFzQMH4ryhTvFkpV0vqExMB9UWtlOEi7NBHa1QMJMj":{"registrationId":194,"currentRatchet":{"ephemeralKeyPair":{"pubKey":"BRopiU+kFTwn+6KeRP521YymT1iSVg4vEezBWkH9aQMC","privKey":"yKVTnoORgp02KaPSU5XFM8H/LxMh89LS5XtHjTA9+GE="},"lastRemoteEphemeralKey":"BXvERC5nzR4VM1+W42i/09u1d/sqCnOccCxX33ixTV4d","previousCounter":0,"rootKey":"aS+nZ29luR/Zj2A8tP/SA3PiLyJHZflYAmuWDnBye+c="},"indexInfo":{"baseKey":"BVIFzQMH4ryhTvFkpV0vqExMB9UWtlOEi7NBHa1QMJMj","baseKeyType":1,"closed":1686139964778,"used":1686139962983,"created":1686139962983,"remoteIdentityKey":"BZ4Fxbl7l2I3MyIAbqwQhxaP12lrAhgZYdHGwHNT8Vwt"},"_chains":{"BRopiU+kFTwn+6KeRP521YymT1iSVg4vEezBWkH9aQMC":{"chainKey":{"counter":0,"key":"JVzpwo6aYbKxIsLw6z6vO1oqV03Bk4eZq31f3s9Ehh4="},"chainType":1,"messageKeys":{}}},"pendingPreKey":{"signedKeyId":1,"baseKey":"BVIFzQMH4ryhTvFkpV0vqExMB9UWtlOEi7NBHa1QMJMj","preKeyId":315}},"BcgRgIeGxPUlc8yQqPFZc3Z4ccB8Bxyu+EbK16u0UftN":{"registrationId":194,"currentRatchet":{"ephemeralKeyPair":{"pubKey":"BVxG6FwWj5iqU+lEuBLbkWbeG3g68MiiDwnnpvXNpqYe","privKey":"0A3JBkSu6Mzxrtx4FkvcH8fXx/onQ7l6Nqxe7EilTn8="},"lastRemoteEphemeralKey":"BXvERC5nzR4VM1+W42i/09u1d/sqCnOccCxX33ixTV4d","previousCounter":0,"rootKey":"imQ/O4Aou0mptiQ8YJnuBRDPG5Mq5G83XYOtB6ZwuME="},"indexInfo":{"baseKey":"BcgRgIeGxPUlc8yQqPFZc3Z4ccB8Bxyu+EbK16u0UftN","baseKeyType":1,"closed":1686140001289,"used":1686139964761,"created":1686139964761,"remoteIdentityKey":"BZ4Fxbl7l2I3MyIAbqwQhxaP12lrAhgZYdHGwHNT8Vwt"},"_chains":{"BVxG6FwWj5iqU+lEuBLbkWbeG3g68MiiDwnnpvXNpqYe":{"chainKey":{"counter":1,"key":"ixHQyCyT2eYRPRNYN1Fv7wxdjim/1g4KKovNmRx8Rk8="},"chainType":1,"messageKeys":{}}},"pendingPreKey":{"signedKeyId":1,"baseKey":"BcgRgIeGxPUlc8yQqPFZc3Z4ccB8Bxyu+EbK16u0UftN","preKeyId":302}},"BRHL67WBO9RcuRta91narNs+fwDwmx3R+xTkLFAiLrJz":{"registrationId":194,"currentRatchet":{"ephemeralKeyPair":{"pubKey":"BVxV20Pk6FkTao2hNMayCOpRqTGt7tPj+zk7teXMSXgx","privKey":"wMhVzuHoOrn3Y0iLlPh6jwxncOfvdsd/zgHKu/OE93g="},"lastRemoteEphemeralKey":"BXvERC5nzR4VM1+W42i/09u1d/sqCnOccCxX33ixTV4d","previousCounter":0,"rootKey":"jbsnWOOrOl+kCc0Ed/MeR2GntMC+zTDLNprB4Nu3BQw="},"indexInfo":{"baseKey":"BRHL67WBO9RcuRta91narNs+fwDwmx3R+xTkLFAiLrJz","baseKeyType":1,"closed":1686140003461,"used":1686140001271,"created":1686140001271,"remoteIdentityKey":"BZ4Fxbl7l2I3MyIAbqwQhxaP12lrAhgZYdHGwHNT8Vwt"},"_chains":{"BVxV20Pk6FkTao2hNMayCOpRqTGt7tPj+zk7teXMSXgx":{"chainKey":{"counter":0,"key":"RvWyhnq2E766nMxBP3NebXOVlJMrCIVO8Ep3Z7TyBzs="},"chainType":1,"messageKeys":{}}},"pendingPreKey":{"signedKeyId":1,"baseKey":"BRHL67WBO9RcuRta91narNs+fwDwmx3R+xTkLFAiLrJz","preKeyId":313}},"BaRvPKN0Wtymx6Kfli6rURc0/phW79F4fmDq+311YKEM":{"registrationId":194,"currentRatchet":{"ephemeralKeyPair":{"pubKey":"BRqu0K9aOSb1O4UFX0BJPMUE68pfrdw+rYPo7N1+YUxg","privKey":"OP4L8GthuB2sO5SaU3mrbfPeLul7oZDbLTGeUSOQ4kk="},"lastRemoteEphemeralKey":"BXvERC5nzR4VM1+W42i/09u1d/sqCnOccCxX33ixTV4d","previousCounter":0,"rootKey":"vEYjZtaPZnTc5sJcLGwtwo+e2csAjK/KpvaJQ4FLfKM="},"indexInfo":{"baseKey":"BaRvPKN0Wtymx6Kfli6rURc0/phW79F4fmDq+311YKEM","baseKeyType":1,"closed":-1,"used":1686140003444,"created":1686140003444,"remoteIdentityKey":"BZ4Fxbl7l2I3MyIAbqwQhxaP12lrAhgZYdHGwHNT8Vwt"},"_chains":{"BRqu0K9aOSb1O4UFX0BJPMUE68pfrdw+rYPo7N1+YUxg":{"chainKey":{"counter":153,"key":"gE94nxeVM/ZbAPcvIFK9WtBD5rzMevHHEqduxRRiNcI="},"chainType":1,"messageKeys":{}}},"pendingPreKey":{"signedKeyId":1,"baseKey":"BaRvPKN0Wtymx6Kfli6rURc0/phW79F4fmDq+311YKEM","preKeyId":318}}},"version":"v1"}