{"_sessions":{"BZ9QvrA1n4xttZcbMq711j5nkzpAkgDCMcccs8+k31BN":{"registrationId":492648756,"currentRatchet":{"ephemeralKeyPair":{"pubKey":"BciHsDu7UCq5q7x4J/wZUnwa117TgB6fmHm8kpc3Zzpo","privKey":"gGXUaw4Zce6+WHEcqH0Awi289VmYTXSEXtHO0AKTIF4="},"lastRemoteEphemeralKey":"BZv5/OmQEkcLg9JGXu7ieOXwjkKomV0CQuygI8tQG1kx","previousCounter":0,"rootKey":"+DF4KTn7R3mMXAv8LElnzo+PQV6xm+j9jh0R93vyyFU="},"indexInfo":{"baseKey":"BZ9QvrA1n4xttZcbMq711j5nkzpAkgDCMcccs8+k31BN","baseKeyType":1,"closed":-1,"used":1686138798109,"created":1686138798109,"remoteIdentityKey":"Ba/6YSHSlokNMoSThVdo6ww/LlyKgm0zYQlSN4L2/gcQ"},"_chains":{"BciHsDu7UCq5q7x4J/wZUnwa117TgB6fmHm8kpc3Zzpo":{"chainKey":{"counter":263,"key":"I+kfJLI0OlI/PqDw4jQa4GxwsJtlWM7L3A/Um7v7ALo="},"chainType":1,"messageKeys":{}}},"pendingPreKey":{"signedKeyId":0,"baseKey":"BZ9QvrA1n4xttZcbMq711j5nkzpAkgDCMcccs8+k31BN","preKeyId":10089692}}},"version":"v1"}