{"_sessions":{"BSwLgsB5xvLJvXYJC1tjk/tTQWnF+NL5i+gSeR+iaJMP":{"registrationId":1938375397,"currentRatchet":{"ephemeralKeyPair":{"pubKey":"BfzrpQshdit2Zg9xdcqRQIMIaeaeOYkn4s7OT/IVXUx0","privKey":"sGFnMr1GaOwoRAU3i2+b7zuk4JeSgjAQKysv6QULZVE="},"lastRemoteEphemeralKey":"BSeAk8oAEW+Vr6FZKoXoZ1nJUEMt5XUdiGdJIiKfgZFX","previousCounter":0,"rootKey":"Czo8GFnkJbHm4eLHQSjLXwp/+hm8+A25WB7RQ6gPqIk="},"indexInfo":{"baseKey":"BSwLgsB5xvLJvXYJC1tjk/tTQWnF+NL5i+gSeR+iaJMP","baseKeyType":1,"closed":1686139213444,"used":1686138802646,"created":1686138802646,"remoteIdentityKey":"BZPFzVs/kciY00Wg03bxAaEBmx2KV4yIqdLs3NmTyFhk"},"_chains":{"BfzrpQshdit2Zg9xdcqRQIMIaeaeOYkn4s7OT/IVXUx0":{"chainKey":{"counter":17,"key":"BBglx16GK7PfywO/5ZjufiQIxDCqovpzWoUBdELUviM="},"chainType":1,"messageKeys":{}}},"pendingPreKey":{"signedKeyId":1,"baseKey":"BSwLgsB5xvLJvXYJC1tjk/tTQWnF+NL5i+gSeR+iaJMP","preKeyId":4948217}},"BVZ1j2nuIKC4Wc8Gj7HtcvwmCqZPOthaNaT3fOq6Ilw5":{"registrationId":1938375397,"currentRatchet":{"ephemeralKeyPair":{"pubKey":"BeDGYi5j7Uu5eRtf3rj0p1SlFlOewyq8C0Sohw26Ir8F","privKey":"EEJjyGbP0rnnNkL/Iqwwa+Qw93vpv/jk8+CfbdvtG2Y="},"lastRemoteEphemeralKey":"BSeAk8oAEW+Vr6FZKoXoZ1nJUEMt5XUdiGdJIiKfgZFX","previousCounter":0,"rootKey":"gpbxutW03rOjW3b2/FpsaCy+h/CXQNP317ul1M6Rw5U="},"indexInfo":{"baseKey":"BVZ1j2nuIKC4Wc8Gj7HtcvwmCqZPOthaNaT3fOq6Ilw5","baseKeyType":1,"closed":-1,"used":1686139213423,"created":1686139213423,"remoteIdentityKey":"BZPFzVs/kciY00Wg03bxAaEBmx2KV4yIqdLs3NmTyFhk"},"_chains":{"BeDGYi5j7Uu5eRtf3rj0p1SlFlOewyq8C0Sohw26Ir8F":{"chainKey":{"counter":245,"key":"xXSqCGEH2N1MjmMevVc3qTHkd0p8U16Cn6+emYuu62k="},"chainType":1,"messageKeys":{}}},"pendingPreKey":{"signedKeyId":1,"baseKey":"BVZ1j2nuIKC4Wc8Gj7HtcvwmCqZPOthaNaT3fOq6Ilw5","preKeyId":4947611}}},"version":"v1"}