{"_sessions":{"BQx970MMJJLc7b9XJX72oOvSme207WBSUfsJxOrRmS1Q":{"registrationId":709988508,"currentRatchet":{"ephemeralKeyPair":{"pubKey":"BeeM1mR2xp3PPenPacZ5ZltxcHjZrF5m2XPNTg2MLr0P","privKey":"oAAynNZVwcbFK43J/8Z3kcNR3FjD8P13z9XyPH8RRnE="},"lastRemoteEphemeralKey":"BdNPpgcfd2ybrj5HGnrDEOXc8XS8ScL/x+2RLDle1JpS","previousCounter":0,"rootKey":"ek3FBb1JIp5LcjzirfsU1Ei8kRS5yQcuYgsDulA0Y7w="},"indexInfo":{"baseKey":"BQx970MMJJLc7b9XJX72oOvSme207WBSUfsJxOrRmS1Q","baseKeyType":1,"closed":-1,"used":1686138800644,"created":1686138800644,"remoteIdentityKey":"BTtUpZyzBrpljKM0mvEqQMQFg6zIctUWJwd7NwIy6DMg"},"_chains":{"BeeM1mR2xp3PPenPacZ5ZltxcHjZrF5m2XPNTg2MLr0P":{"chainKey":{"counter":263,"key":"rHgFN4L+DRvFdK/A0hvPXsqt9eJbGqVjgmheMdivAnk="},"chainType":1,"messageKeys":{}}},"pendingPreKey":{"signedKeyId":4,"baseKey":"BQx970MMJJLc7b9XJX72oOvSme207WBSUfsJxOrRmS1Q","preKeyId":4352370}}},"version":"v1"}