{"_sessions":{"BSOUtwBr1/nFduelh4W4ka6OeH7qmzi0m5kZcQQuoe8L":{"registrationId":123255817,"currentRatchet":{"ephemeralKeyPair":{"pubKey":"BbqvlS1BbEf04Su28Rm73llZ82m2xMxRR7ETMf7lMdVO","privKey":"cDnXPWQOlvAkKYsxdbY1ero4VaP4e5wGkNznSZ/KC1I="},"lastRemoteEphemeralKey":"BdP6nu1bGKZFCyEioccKwdhIr97ZEOcD68RMt9RjQNZF","previousCounter":0,"rootKey":"EEhUOGY7GvBdGWlhUo4GdUDMOgycv8OwMfWlQqBlIeI="},"indexInfo":{"baseKey":"BSOUtwBr1/nFduelh4W4ka6OeH7qmzi0m5kZcQQuoe8L","baseKeyType":1,"closed":-1,"used":1686138800717,"created":1686138800717,"remoteIdentityKey":"BXdnZ9FyZncXPDnbK47rvdeRDWv//2Ze6SZkpFLYc7Ug"},"_chains":{"BbqvlS1BbEf04Su28Rm73llZ82m2xMxRR7ETMf7lMdVO":{"chainKey":{"counter":263,"key":"zKZ94rGTc6Im84oXRZPbSwkTPc/MItTOhZjh6n7h5vE="},"chainType":1,"messageKeys":{}}},"pendingPreKey":{"signedKeyId":0,"baseKey":"BSOUtwBr1/nFduelh4W4ka6OeH7qmzi0m5kZcQQuoe8L"}}},"version":"v1"}