{"_sessions":{"BQ6wIhFtEWsVJTUuidyYYSF6hRzKEBvUP81aFDND9I85":{"registrationId":1442808631,"currentRatchet":{"ephemeralKeyPair":{"pubKey":"BX/6zRE8NH1vcrOeBU8Jos6ZDv9Ypi8+kkpm6kt6QlJS","privKey":"aMSh2/zBJ5yp36CehEI0H+EGHmsDQgmm/RgfT3cnWmY="},"lastRemoteEphemeralKey":"BXMVLRhCmecYTchmAOKlqOYaYNU9BEsLhyO2i1DhLfwt","previousCounter":0,"rootKey":"KCKkdNCnR7oBtQD5GyAl3YhOhJc10n8lR3YuLC74Sr4="},"indexInfo":{"baseKey":"BQ6wIhFtEWsVJTUuidyYYSF6hRzKEBvUP81aFDND9I85","baseKeyType":1,"closed":-1,"used":1686138803636,"created":1686138803636,"remoteIdentityKey":"BVLzUhQahTm7o4XHA9lMG/RRZsWNFJ1HsPx3RKWJv7FD"},"_chains":{"BX/6zRE8NH1vcrOeBU8Jos6ZDv9Ypi8+kkpm6kt6QlJS":{"chainKey":{"counter":263,"key":"h5ULyaUZPGAt7RjB3Og77Ke2W6fZLWL6FZn2AQLY1Jk="},"chainType":1,"messageKeys":{}}},"pendingPreKey":{"signedKeyId":1,"baseKey":"BQ6wIhFtEWsVJTUuidyYYSF6hRzKEBvUP81aFDND9I85"}}},"version":"v1"}