{"_sessions":{"BX5AndShbAvObX/Gn5UaogE5yzwQ2aaqou8kYIUAiGgE":{"registrationId":7486,"currentRatchet":{"ephemeralKeyPair":{"pubKey":"BSMhu2eMoBpE1Q5bJV5J+SamlBk/UnYmXB75ksmeDyRD","privKey":"YCXZDriaayjfFecOsOG5jbBNHksHwxrMVOoe5+ja7Uo="},"lastRemoteEphemeralKey":"BWpc8fzp0KliSMs8Khw9bMeQmITvZigrp5vUzxED3QFu","previousCounter":0,"rootKey":"k8burWMCfsPYTOfJJmiIuoWderL8iCgCweoRaN7QNxA="},"indexInfo":{"baseKey":"BX5AndShbAvObX/Gn5UaogE5yzwQ2aaqou8kYIUAiGgE","baseKeyType":1,"closed":-1,"used":1686141013225,"created":1686141013225,"remoteIdentityKey":"BbXtKHOGBSjTpQO6+BAjTURUEs4KtJtdrm0kkNpezNpk"},"_chains":{"BSMhu2eMoBpE1Q5bJV5J+SamlBk/UnYmXB75ksmeDyRD":{"chainKey":{"counter":115,"key":"R/u6WYCoQxtMsMw72hmvNBlVEySDd5BelD1KcZfWtIw="},"chainType":1,"messageKeys":{}}},"pendingPreKey":{"signedKeyId":1,"baseKey":"BX5AndShbAvObX/Gn5UaogE5yzwQ2aaqou8kYIUAiGgE","preKeyId":48}}},"version":"v1"}