{"_sessions":{"BRHFRbxIc1cF2+X/x587IuccX153AW6x51ZazA1Wso83":{"registrationId":36,"currentRatchet":{"ephemeralKeyPair":{"pubKey":"BUVrphk6WaVwFUFIsaZGFWR4Q9F0Bro2cnQpmNqzFoxW","privKey":"MNdEAy+yS/HOwUdijTGvxM5I8iGSOWHhG2ZKCC90WG0="},"lastRemoteEphemeralKey":"BSZe31dmnSAY4Iv/kFns7eISBLOb28e7Gk3fisnwWhch","previousCounter":0,"rootKey":"2+2PPfjA3knrAjRbVXFBb9Ttvb/Np3qbLSS+IjbYVEg="},"indexInfo":{"baseKey":"BRHFRbxIc1cF2+X/x587IuccX153AW6x51ZazA1Wso83","baseKeyType":1,"closed":-1,"used":1686138796424,"created":1686138796424,"remoteIdentityKey":"BWGDhkn7ampOO3jlglfL9n3SVxyTNurEn3u85Doc+2Nv"},"_chains":{"BUVrphk6WaVwFUFIsaZGFWR4Q9F0Bro2cnQpmNqzFoxW":{"chainKey":{"counter":263,"key":"e1rcVxx2HW4RvKSsgqUapvSHjgEFAg3c7z9YzMQPtyM="},"chainType":1,"messageKeys":{}}},"pendingPreKey":{"signedKeyId":1,"baseKey":"BRHFRbxIc1cF2+X/x587IuccX153AW6x51ZazA1Wso83"}}},"version":"v1"}