{"_sessions":{"BbYuPL0nehswRIVJlzRMIc2rqXKpy+CCAEU6KrQ8VsBK":{"registrationId":38,"currentRatchet":{"ephemeralKeyPair":{"pubKey":"BU3VM5BdHAT4aqeCZNvOBep7Sv4PSAsnhYmNTz2fkYQt","privKey":"aMqrVnxPj1zxBUKXqfcH4ZqHLPN/tIx6za09WYgb6FE="},"lastRemoteEphemeralKey":"BWfTkXosGN/Goiti1TVZgLB+l4bu85yIrayK4Jl5JohD","previousCounter":0,"rootKey":"h0rRAgTwzZsCjQk5nfeGaDOPqf8867/KFtOKDJd7+6g="},"indexInfo":{"baseKey":"BbYuPL0nehswRIVJlzRMIc2rqXKpy+CCAEU6KrQ8VsBK","baseKeyType":1,"closed":-1,"used":1686138795627,"created":1686138795627,"remoteIdentityKey":"BRL7AOoUivucgm28Int4ldCCWIMXVcmS0yzJ7WYqosA2"},"_chains":{"BU3VM5BdHAT4aqeCZNvOBep7Sv4PSAsnhYmNTz2fkYQt":{"chainKey":{"counter":263,"key":"+OSsHiBNMztgAMD2OOOo031J8Gku9+BEz2JSx4/iwzM="},"chainType":1,"messageKeys":{}}},"pendingPreKey":{"signedKeyId":1,"baseKey":"BbYuPL0nehswRIVJlzRMIc2rqXKpy+CCAEU6KrQ8VsBK"}}},"version":"v1"}