{"_sessions":{"BbW/cRIO7891ZthfdYMOK1fs7wyvHJuDOG6w8TRB6+Qs":{"registrationId":235681252,"currentRatchet":{"ephemeralKeyPair":{"pubKey":"BSRPBaQeXdHrgSQwwcjC/6cSzbgH7/oWzTSAQ0z5iARg","privKey":"COgqLapjAn9gSJo+cL+Bs7ceaqMWoo38N7rRSA1wCmc="},"lastRemoteEphemeralKey":"BQDAmfS+tjXW9vGxS0SMXuwE6P9t6A34gQjpA95NzaEi","previousCounter":0,"rootKey":"FsrQSM6GTOKJHzA90gg3rTOFmKGDPYs+rY0hYT3utLQ="},"indexInfo":{"baseKey":"BbW/cRIO7891ZthfdYMOK1fs7wyvHJuDOG6w8TRB6+Qs","baseKeyType":1,"closed":-1,"used":1686138800735,"created":1686138800735,"remoteIdentityKey":"BaweyqVl71u0FNegNU8wPOeP5LHOSC2pQVlM4S0HyocH"},"_chains":{"BSRPBaQeXdHrgSQwwcjC/6cSzbgH7/oWzTSAQ0z5iARg":{"chainKey":{"counter":263,"key":"pRp0EE52sITkWCs+JgiXqcX0IscE5RcENLmBOCeLmX0="},"chainType":1,"messageKeys":{}}},"pendingPreKey":{"signedKeyId":1,"baseKey":"BbW/cRIO7891ZthfdYMOK1fs7wyvHJuDOG6w8TRB6+Qs"}}},"version":"v1"}