{"_sessions":{"Bdq6kmlCaOgTlGaXC4uTU2UuIccwXd5u9pxU74oA4ZVD":{"registrationId":464276806,"currentRatchet":{"ephemeralKeyPair":{"pubKey":"BamGrEWTvrDBLXLCSPJxKkeW8kQKAmg6iOSu1JaV/Y0d","privKey":"OFXD2it4wmVplJGFBxN4j8SDOV4bnMFgXqWS92u0tnU="},"lastRemoteEphemeralKey":"BTyCtgiRt8y07TscKjTcXyvpoZqcfQPNTqm9sG62JyNj","previousCounter":0,"rootKey":"KrkiW9hRFx5WowBWQPkNaJHAth/Yjk4NNBfWsbWE+TM="},"indexInfo":{"baseKey":"Bdq6kmlCaOgTlGaXC4uTU2UuIccwXd5u9pxU74oA4ZVD","baseKeyType":1,"closed":1686139183216,"used":1686138803724,"created":1686138803724,"remoteIdentityKey":"BXufWF9dtWlIIwKx7a2yvBac6mCcAB6/lHCVwzKAvVgS"},"_chains":{"BamGrEWTvrDBLXLCSPJxKkeW8kQKAmg6iOSu1JaV/Y0d":{"chainKey":{"counter":12,"key":"lqyml2U8epexjV7g3Vo0EpAKmR+EXT86AnpYn4kcQOQ="},"chainType":1,"messageKeys":{}}},"pendingPreKey":{"signedKeyId":6,"baseKey":"Bdq6kmlCaOgTlGaXC4uTU2UuIccwXd5u9pxU74oA4ZVD","preKeyId":12232169}},"BRtTrt7SnNGMT87t4n8w/rLqOiDIltxLWab0xyMSS4k0":{"registrationId":464276806,"currentRatchet":{"ephemeralKeyPair":{"pubKey":"BcFTZxiNXS8bYJ38JI9D4FoasNjBHuGpLn7oecJo5/kM","privKey":"CHdz4JvpTCqfM8FUUwjaSOz6P14x7bO/llb5S/EGPXY="},"lastRemoteEphemeralKey":"BTyCtgiRt8y07TscKjTcXyvpoZqcfQPNTqm9sG62JyNj","previousCounter":0,"rootKey":"9KrsI9SQktW09E8+r9D4Y13HdrgmXiajPfXrmyuS/nU="},"indexInfo":{"baseKey":"BRtTrt7SnNGMT87t4n8w/rLqOiDIltxLWab0xyMSS4k0","baseKeyType":1,"closed":-1,"used":1686139183074,"created":1686139183074,"remoteIdentityKey":"BXufWF9dtWlIIwKx7a2yvBac6mCcAB6/lHCVwzKAvVgS"},"_chains":{"BcFTZxiNXS8bYJ38JI9D4FoasNjBHuGpLn7oecJo5/kM":{"chainKey":{"counter":250,"key":"JgBV0d4Nqy72zWMjHMsPQMTgFlJGD61Q7oX4en7YWlA="},"chainType":1,"messageKeys":{}}},"pendingPreKey":{"signedKeyId":6,"baseKey":"BRtTrt7SnNGMT87t4n8w/rLqOiDIltxLWab0xyMSS4k0","preKeyId":12232082}}},"version":"v1"}