{"_sessions":{"BfJDSy2iVeFCZV5eUIV533KxHyLvAmBhyK2jbJ/yPdwQ":{"registrationId":225,"currentRatchet":{"ephemeralKeyPair":{"pubKey":"BfCS9u8zdMY/UFBOdYYwZjrPz+PujYAE0Adr2PRHXVc0","privKey":"GPk7A6b57MUQP1nHTFmYKhgb2NPntCYQsvVL5t0Om0g="},"lastRemoteEphemeralKey":"BTbWomT1Mrx7tqWcY1ui1InMGkRPAfuHQkPK5cCSs/Q+","previousCounter":0,"rootKey":"GBuhxgLRnkKI1gI1RoYWvUxJIEJUPTBtWXnaKXIm8Og="},"indexInfo":{"baseKey":"BfJDSy2iVeFCZV5eUIV533KxHyLvAmBhyK2jbJ/yPdwQ","baseKeyType":1,"closed":-1,"used":1686138796127,"created":1686138796127,"remoteIdentityKey":"BVrhg7V+hC54BE/njaHQQkAZnj5rYh9DtwIJB9Le9I9Y"},"_chains":{"BfCS9u8zdMY/UFBOdYYwZjrPz+PujYAE0Adr2PRHXVc0":{"chainKey":{"counter":263,"key":"SW9qLQfL5CN2qrkNT0AxHAn9E1qdaXFbKkrORDOGkpE="},"chainType":1,"messageKeys":{}}},"pendingPreKey":{"signedKeyId":1,"baseKey":"BfJDSy2iVeFCZV5eUIV533KxHyLvAmBhyK2jbJ/yPdwQ"}}},"version":"v1"}